comarca,nome_area_acao,ano_ref,Distribuidos_ano,Baixados_ano,Pendentes_ano,Taxa_Cong_anual (%)
ABADIÂNIA,civel,2021,153,158,137,46.44
ABADIÂNIA,criminal,2021,281,248,217,46.67
ABADIÂNIA,execucao penal,2021,21,12,20,62.5
ABADIÂNIA,familia - interior,2021,200,192,162,45.76
ABADIÂNIA,fazenda publica mista,2021,818,246,809,76.68
ABADIÂNIA,infancia e juventude civel,2021,14,17,9,34.62
ABADIÂNIA,infancia e juventude infracional,2021,23,29,18,38.3
ABADIÂNIA,juizado especial civel,2021,345,404,256,38.79
ABADIÂNIA,juizado especial criminal,2021,254,198,211,51.59
ABADIÂNIA,juizado especial fazenda publica,2021,43,8,39,82.98
ACREÚNA,civel,2021,311,602,229,27.56
ACREÚNA,criminal,2021,331,447,198,30.7
ACREÚNA,execucao penal,2021,63,42,59,58.42
ACREÚNA,familia - interior,2021,233,224,161,41.82
ACREÚNA,fazenda publica mista,2021,423,740,328,30.71
ACREÚNA,infancia e juventude civel,2021,18,29,7,19.44
ACREÚNA,infancia e juventude infracional,2021,9,13,7,35.0
ACREÚNA,juizado especial civel,2021,288,466,174,27.19
ACREÚNA,juizado especial criminal,2021,78,78,60,43.48
ACREÚNA,juizado especial fazenda publica,2021,105,41,85,67.46
ALEXÂNIA,civel,2021,322,249,274,52.39
ALEXÂNIA,criminal,2021,470,515,272,34.56
ALEXÂNIA,execucao penal,2021,40,49,37,43.02
ALEXÂNIA,familia - interior,2021,395,487,273,35.92
ALEXÂNIA,fazenda publica mista,2021,360,370,342,48.03
ALEXÂNIA,infancia e juventude civel,2021,26,59,10,14.49
ALEXÂNIA,infancia e juventude infracional,2021,35,62,25,28.74
ALEXÂNIA,juizado especial civel,2021,701,399,586,59.49
ALEXÂNIA,juizado especial criminal,2021,166,126,161,56.1
ALEXÂNIA,juizado especial fazenda publica,2021,65,9,63,87.5
ALEXÂNIA,preprocessual,2021,5,8,1,11.11
ALTO PARAÍSO DE GOIÁS,civel,2021,175,237,166,41.19
ALTO PARAÍSO DE GOIÁS,criminal,2021,488,364,398,52.23
ALTO PARAÍSO DE GOIÁS,execucao penal,2021,38,4,38,90.48
ALTO PARAÍSO DE GOIÁS,familia - interior,2021,149,175,118,40.27
ALTO PARAÍSO DE GOIÁS,fazenda publica mista,2021,233,345,230,40.0
ALTO PARAÍSO DE GOIÁS,infancia e juventude civel,2021,21,9,15,62.5
ALTO PARAÍSO DE GOIÁS,infancia e juventude infracional,2021,14,13,14,51.85
ALTO PARAÍSO DE GOIÁS,juizado especial civel,2021,89,153,83,35.17
ALTO PARAÍSO DE GOIÁS,juizado especial criminal,2021,120,86,119,58.05
ALTO PARAÍSO DE GOIÁS,juizado especial fazenda publica,2021,48,0,48,100.0
ALVORADA DO NORTE,civel,2021,162,257,136,34.61
ALVORADA DO NORTE,criminal,2021,612,973,426,30.45
ALVORADA DO NORTE,execucao penal,2021,29,7,29,80.56
ALVORADA DO NORTE,familia - interior,2021,227,305,172,36.06
ALVORADA DO NORTE,fazenda publica mista,2021,147,326,140,30.04
ALVORADA DO NORTE,infancia e juventude civel,2021,11,23,8,25.81
ALVORADA DO NORTE,infancia e juventude infracional,2021,14,34,12,26.09
ALVORADA DO NORTE,juizado especial civel,2021,140,284,123,30.22
ALVORADA DO NORTE,juizado especial criminal,2021,92,119,85,41.67
ALVORADA DO NORTE,juizado especial fazenda publica,2021,26,0,26,100.0
ANICUNS,civel,2021,321,590,194,24.74
ANICUNS,criminal,2021,255,582,189,24.51
ANICUNS,execucao penal,2021,31,36,31,46.27
ANICUNS,familia - interior,2021,292,383,178,31.73
ANICUNS,fazenda publica mista,2021,419,1094,352,24.34
ANICUNS,infancia e juventude civel,2021,8,7,6,46.15
ANICUNS,infancia e juventude infracional,2021,26,34,12,26.09
ANICUNS,juizado especial civel,2021,593,1058,236,18.24
ANICUNS,juizado especial criminal,2021,103,149,40,21.16
ANICUNS,juizado especial fazenda publica,2021,181,45,168,78.87
ANICUNS,preprocessual,2021,93,136,37,21.39
ANÁPOLIS,civel,2021,5546,6444,4908,43.23
ANÁPOLIS,criminal,2021,4588,3560,3246,47.69
ANÁPOLIS,execucao de pena alternativa,2021,1,16,0,0.0
ANÁPOLIS,execucao penal,2021,364,263,353,57.31
ANÁPOLIS,familia - interior,2021,4541,5184,3150,37.8
ANÁPOLIS,fazenda publica estadual interior,2021,570,761,530,41.05
ANÁPOLIS,fazenda publica municipal - execucao fiscal,2021,10663,56128,10641,15.94
ANÁPOLIS,fazenda publica municipal interior,2021,833,750,661,46.85
ANÁPOLIS,infancia e juventude civel,2021,218,315,177,35.98
ANÁPOLIS,infancia e juventude infracional,2021,420,373,333,47.17
ANÁPOLIS,juizado de violencia domestica,2021,1634,1334,1331,49.94
ANÁPOLIS,juizado especial civel,2021,9448,12532,6803,35.18
ANÁPOLIS,juizado especial criminal,2021,1728,4388,1304,22.91
ANÁPOLIS,juizado especial fazenda publica,2021,1349,34,1330,97.51
ANÁPOLIS,preprocessual,2021,1285,737,783,51.51
APARECIDA DE GOIÂNIA,civel,2021,9134,7046,8081,53.42
APARECIDA DE GOIÂNIA,criminal,2021,4704,6136,2541,29.28
APARECIDA DE GOIÂNIA,execucao penal,2021,372,333,263,44.13
APARECIDA DE GOIÂNIA,familia - interior,2021,5049,5260,3395,39.23
APARECIDA DE GOIÂNIA,fazenda publica estadual interior,2021,530,865,520,37.55
APARECIDA DE GOIÂNIA,fazenda publica municipal - execucao fiscal,2021,2554,26194,2511,8.75
APARECIDA DE GOIÂNIA,fazenda publica municipal interior,2021,569,786,525,40.05
APARECIDA DE GOIÂNIA,infancia e juventude civel,2021,329,608,152,20.0
APARECIDA DE GOIÂNIA,infancia e juventude infracional,2021,458,690,205,22.91
APARECIDA DE GOIÂNIA,juizado de violencia domestica,2021,1854,2194,1542,41.27
APARECIDA DE GOIÂNIA,juizado especial civel,2021,6962,8904,4753,34.8
APARECIDA DE GOIÂNIA,juizado especial criminal,2021,3508,7431,3073,29.26
APARECIDA DE GOIÂNIA,juizado especial fazenda publica,2021,1550,42,1536,97.34
APARECIDA DE GOIÂNIA,preprocessual,2021,1617,1743,459,20.84
ARAGARÇAS,civel,2021,219,281,185,39.7
ARAGARÇAS,criminal,2021,757,927,555,37.45
ARAGARÇAS,execucao penal,2021,52,22,48,68.57
ARAGARÇAS,familia - interior,2021,271,385,219,36.26
ARAGARÇAS,fazenda publica mista,2021,313,652,297,31.3
ARAGARÇAS,infancia e juventude civel,2021,12,16,10,38.46
ARAGARÇAS,infancia e juventude infracional,2021,28,16,24,60.0
ARAGARÇAS,juizado especial civel,2021,324,698,254,26.68
ARAGARÇAS,juizado especial criminal,2021,45,593,40,6.32
ARAGARÇAS,juizado especial fazenda publica,2021,130,34,114,77.03
ARAGARÇAS,preprocessual,2021,85,89,80,47.34
ARAÇU,civel,2021,85,110,74,40.22
ARAÇU,criminal,2021,145,168,114,40.43
ARAÇU,execucao penal,2021,5,11,5,31.25
ARAÇU,familia - interior,2021,102,131,70,34.83
ARAÇU,fazenda publica mista,2021,115,222,85,27.69
ARAÇU,infancia e juventude civel,2021,5,17,4,19.05
ARAÇU,infancia e juventude infracional,2021,2,8,1,11.11
ARAÇU,juizado especial civel,2021,98,117,84,41.79
ARAÇU,juizado especial criminal,2021,37,20,34,62.96
ARAÇU,juizado especial fazenda publica,2021,41,4,39,90.7
ARUANÃ,civel,2021,169,192,146,43.2
ARUANÃ,criminal,2021,314,326,234,41.79
ARUANÃ,execucao penal,2021,5,19,5,20.83
ARUANÃ,familia - interior,2021,137,201,103,33.88
ARUANÃ,fazenda publica mista,2021,269,1948,249,11.33
ARUANÃ,infancia e juventude civel,2021,6,4,6,60.0
ARUANÃ,infancia e juventude infracional,2021,44,28,36,56.25
ARUANÃ,juizado especial civel,2021,101,193,79,29.04
ARUANÃ,juizado especial criminal,2021,117,80,102,56.04
ARUANÃ,juizado especial fazenda publica,2021,39,6,38,86.36
AURILÂNDIA,civel,2021,52,99,44,30.77
AURILÂNDIA,criminal,2021,74,86,52,37.68
AURILÂNDIA,execucao penal,2021,8,7,8,53.33
AURILÂNDIA,familia - interior,2021,62,80,52,39.39
AURILÂNDIA,fazenda publica mista,2021,160,100,138,57.98
AURILÂNDIA,infancia e juventude infracional,2021,3,16,2,11.11
AURILÂNDIA,juizado especial civel,2021,58,142,52,26.8
AURILÂNDIA,juizado especial criminal,2021,33,297,25,7.76
AURILÂNDIA,juizado especial fazenda publica,2021,43,8,36,81.82
BARRO ALTO,civel,2021,100,260,85,24.64
BARRO ALTO,criminal,2021,277,235,229,49.35
BARRO ALTO,execucao penal,2021,28,23,26,53.06
BARRO ALTO,familia - interior,2021,115,117,87,42.65
BARRO ALTO,fazenda publica mista,2021,77,131,65,33.16
BARRO ALTO,infancia e juventude civel,2021,7,10,5,33.33
BARRO ALTO,infancia e juventude infracional,2021,9,14,9,39.13
BARRO ALTO,juizado especial civel,2021,185,113,175,60.76
BARRO ALTO,juizado especial criminal,2021,87,46,78,62.9
BARRO ALTO,juizado especial fazenda publica,2021,66,4,63,94.03
BELA VISTA DE GOIÁS,civel,2021,325,340,281,45.25
BELA VISTA DE GOIÁS,criminal,2021,423,467,251,34.96
BELA VISTA DE GOIÁS,execucao penal,2021,42,24,41,63.08
BELA VISTA DE GOIÁS,familia - interior,2021,281,247,202,44.99
BELA VISTA DE GOIÁS,fazenda publica mista,2021,99,269,59,17.99
BELA VISTA DE GOIÁS,infancia e juventude civel,2021,11,20,7,25.93
BELA VISTA DE GOIÁS,infancia e juventude infracional,2021,24,47,19,28.79
BELA VISTA DE GOIÁS,juizado especial civel e criminal,2021,691,685,570,45.42
BELA VISTA DE GOIÁS,juizado especial fazenda publica,2021,63,17,57,77.03
BELA VISTA DE GOIÁS,preprocessual,2021,30,11,25,69.44
BOM JESUS DE GOIÁS,civel,2021,228,310,182,36.99
BOM JESUS DE GOIÁS,criminal,2021,359,325,250,43.48
BOM JESUS DE GOIÁS,execucao penal,2021,34,13,34,72.34
BOM JESUS DE GOIÁS,familia - interior,2021,264,290,162,35.84
BOM JESUS DE GOIÁS,fazenda publica mista,2021,72,274,39,12.46
BOM JESUS DE GOIÁS,infancia e juventude civel,2021,8,8,5,38.46
BOM JESUS DE GOIÁS,infancia e juventude infracional,2021,31,49,21,30.0
BOM JESUS DE GOIÁS,juizado especial civel,2021,386,614,281,31.4
BOM JESUS DE GOIÁS,juizado especial criminal,2021,154,713,94,11.65
BOM JESUS DE GOIÁS,juizado especial fazenda publica,2021,31,10,28,73.68
BURITI ALEGRE,civel,2021,267,246,225,47.77
BURITI ALEGRE,criminal,2021,255,341,135,28.36
BURITI ALEGRE,execucao penal,2021,21,4,21,84.0
BURITI ALEGRE,familia - interior,2021,148,138,105,43.21
BURITI ALEGRE,fazenda publica mista,2021,54,321,36,10.08
BURITI ALEGRE,infancia e juventude civel,2021,8,15,6,28.57
BURITI ALEGRE,infancia e juventude infracional,2021,12,9,10,52.63
BURITI ALEGRE,juizado especial civel,2021,374,512,291,36.24
BURITI ALEGRE,juizado especial criminal,2021,136,99,83,45.6
BURITI ALEGRE,juizado especial fazenda publica,2021,32,4,31,88.57
BURITI ALEGRE,preprocessual,2021,42,41,13,24.07
CACHOEIRA ALTA,civel,2021,134,169,102,37.64
CACHOEIRA ALTA,criminal,2021,191,270,121,30.95
CACHOEIRA ALTA,execucao penal,2021,12,9,12,57.14
CACHOEIRA ALTA,familia - interior,2021,137,150,91,37.76
CACHOEIRA ALTA,fazenda publica mista,2021,123,166,115,40.93
CACHOEIRA ALTA,infancia e juventude civel,2021,8,10,3,23.08
CACHOEIRA ALTA,infancia e juventude infracional,2021,2,3,2,40.0
CACHOEIRA ALTA,juizado especial civel,2021,66,94,42,30.88
CACHOEIRA ALTA,juizado especial criminal,2021,53,57,43,43.0
CACHOEIRA ALTA,juizado especial fazenda publica,2021,25,0,25,100.0
CACHOEIRA DOURADA,civel,2021,181,277,150,35.13
CACHOEIRA DOURADA,criminal,2021,151,199,86,30.18
CACHOEIRA DOURADA,execucao penal,2021,32,15,32,68.09
CACHOEIRA DOURADA,familia - interior,2021,188,241,112,31.73
CACHOEIRA DOURADA,fazenda publica mista,2021,116,430,99,18.71
CACHOEIRA DOURADA,infancia e juventude civel,2021,8,7,6,46.15
CACHOEIRA DOURADA,infancia e juventude infracional,2021,7,8,7,46.67
CACHOEIRA DOURADA,juizado especial civel,2021,142,354,64,15.31
CACHOEIRA DOURADA,juizado especial criminal,2021,30,15,26,63.41
CACHOEIRA DOURADA,juizado especial fazenda publica,2021,21,9,19,67.86
CAIAPÔNIA,civel,2021,296,370,266,41.82
CAIAPÔNIA,criminal,2021,442,724,253,25.9
CAIAPÔNIA,execucao penal,2021,21,24,21,46.67
CAIAPÔNIA,familia - interior,2021,275,352,196,35.77
CAIAPÔNIA,fazenda publica mista,2021,729,1017,676,39.93
CAIAPÔNIA,infancia e juventude civel,2021,10,12,8,40.0
CAIAPÔNIA,infancia e juventude infracional,2021,34,39,27,40.91
CAIAPÔNIA,juizado especial civel,2021,395,719,318,30.67
CAIAPÔNIA,juizado especial criminal,2021,192,330,120,26.67
CAIAPÔNIA,juizado especial fazenda publica,2021,63,6,61,91.04
CALDAS NOVAS,civel,2021,2048,2277,1838,44.67
CALDAS NOVAS,criminal,2021,1695,4912,1158,19.08
CALDAS NOVAS,execucao penal,2021,180,170,159,48.33
CALDAS NOVAS,familia - interior,2021,1081,1152,910,44.13
CALDAS NOVAS,fazenda publica estadual interior,2021,526,970,466,32.45
CALDAS NOVAS,fazenda publica municipal interior,2021,4336,2731,4036,59.64
CALDAS NOVAS,infancia e juventude civel,2021,69,149,46,23.59
CALDAS NOVAS,infancia e juventude infracional,2021,136,192,104,35.14
CALDAS NOVAS,juizado especial civel,2021,3522,3710,2980,44.54
CALDAS NOVAS,juizado especial criminal,2021,608,280,547,66.14
CALDAS NOVAS,juizado especial fazenda publica,2021,405,18,400,95.69
CALDAS NOVAS,preprocessual,2021,885,953,568,37.34
CAMPINORTE,civel,2021,173,209,157,42.9
CAMPINORTE,criminal,2021,213,239,172,41.85
CAMPINORTE,execucao penal,2021,22,19,22,53.66
CAMPINORTE,familia - interior,2021,251,229,190,45.35
CAMPINORTE,fazenda publica mista,2021,95,221,83,27.3
CAMPINORTE,infancia e juventude civel,2021,7,10,6,37.5
CAMPINORTE,infancia e juventude infracional,2021,7,17,6,26.09
CAMPINORTE,juizado especial civel,2021,357,336,279,45.37
CAMPINORTE,juizado especial criminal,2021,60,42,50,54.35
CAMPINORTE,juizado especial fazenda publica,2021,73,21,64,75.29
CAMPINORTE,preprocessual,2021,4,2,2,50.0
CAMPOS BELOS,civel,2021,233,231,209,47.5
CAMPOS BELOS,criminal,2021,439,649,343,34.58
CAMPOS BELOS,execucao penal,2021,27,35,26,42.62
CAMPOS BELOS,familia - interior,2021,177,277,150,35.13
CAMPOS BELOS,fazenda publica mista,2021,150,620,129,17.22
CAMPOS BELOS,infancia e juventude civel,2021,19,14,16,53.33
CAMPOS BELOS,infancia e juventude infracional,2021,37,61,30,32.97
CAMPOS BELOS,juizado especial civel,2021,129,145,64,30.62
CAMPOS BELOS,juizado especial civel e criminal,2021,62,848,28,3.2
CAMPOS BELOS,juizado especial fazenda publica,2021,60,6,58,90.62
CAMPOS BELOS,preprocessual,2021,38,37,3,7.5
CARMO DO RIO VERDE,civel,2021,113,89,96,51.89
CARMO DO RIO VERDE,criminal,2021,127,238,97,28.96
CARMO DO RIO VERDE,execucao penal,2021,11,8,11,57.89
CARMO DO RIO VERDE,familia - interior,2021,116,107,88,45.13
CARMO DO RIO VERDE,fazenda publica mista,2021,365,259,352,57.61
CARMO DO RIO VERDE,infancia e juventude civel,2021,11,9,11,55.0
CARMO DO RIO VERDE,infancia e juventude infracional,2021,8,9,5,35.71
CARMO DO RIO VERDE,juizado especial civel,2021,118,137,94,40.69
CARMO DO RIO VERDE,juizado especial criminal,2021,73,75,66,46.81
CARMO DO RIO VERDE,juizado especial fazenda publica,2021,60,1,59,98.33
CATALÃO,civel,2021,1579,936,1472,61.13
CATALÃO,criminal,2021,1730,2933,1348,31.49
CATALÃO,execucao penal,2021,297,155,236,60.36
CATALÃO,familia - interior,2021,1450,1773,1037,36.9
CATALÃO,fazenda publica estadual interior,2021,263,285,209,42.31
CATALÃO,fazenda publica municipal interior,2021,797,620,690,52.67
CATALÃO,infancia e juventude civel,2021,120,89,90,50.28
CATALÃO,infancia e juventude infracional,2021,158,326,92,22.01
CATALÃO,juizado especial civel,2021,3603,4358,2174,33.28
CATALÃO,juizado especial criminal,2021,1090,1135,557,32.92
CATALÃO,juizado especial fazenda publica,2021,545,164,527,76.27
CATALÃO,preprocessual,2021,238,285,59,17.15
CAVALCANTE,civel,2021,94,58,87,60.0
CAVALCANTE,criminal,2021,168,221,131,37.22
CAVALCANTE,execucao penal,2021,1,1,1,50.0
CAVALCANTE,familia - interior,2021,75,69,71,50.71
CAVALCANTE,fazenda publica mista,2021,89,157,86,35.39
CAVALCANTE,infancia e juventude civel,2021,3,4,2,33.33
CAVALCANTE,infancia e juventude infracional,2021,4,6,4,40.0
CAVALCANTE,juizado especial civel,2021,77,33,75,69.44
CAVALCANTE,juizado especial criminal,2021,93,52,84,61.76
CAVALCANTE,juizado especial fazenda publica,2021,17,0,17,100.0
CAÇU,civel,2021,304,614,255,29.34
CAÇU,criminal,2021,348,400,253,38.74
CAÇU,execucao penal,2021,45,19,44,69.84
CAÇU,familia - interior,2021,315,479,215,30.98
CAÇU,fazenda publica mista,2021,197,325,184,36.15
CAÇU,infancia e juventude civel,2021,25,33,10,23.26
CAÇU,infancia e juventude infracional,2021,12,35,10,22.22
CAÇU,juizado especial civel,2021,276,1223,197,13.87
CAÇU,juizado especial criminal,2021,145,259,131,33.59
CAÇU,juizado especial fazenda publica,2021,21,4,20,83.33
CERES,civel,2021,406,448,324,41.97
CERES,criminal,2021,433,535,318,37.28
CERES,execucao penal,2021,52,24,51,68.0
CERES,familia - interior,2021,391,378,263,41.03
CERES,fazenda publica mista,2021,726,479,660,57.95
CERES,infancia e juventude civel,2021,17,21,12,36.36
CERES,infancia e juventude infracional,2021,48,49,36,42.35
CERES,juizado especial civel,2021,4204,2303,3209,58.22
CERES,juizado especial criminal,2021,136,173,101,36.86
CERES,juizado especial fazenda publica,2021,293,39,273,87.5
CERES,preprocessual,2021,1,7,1,12.5
CIDADE OCIDENTAL,civel,2021,1004,1105,779,41.35
CIDADE OCIDENTAL,criminal,2021,1109,1840,569,23.62
CIDADE OCIDENTAL,execucao penal,2021,102,54,102,65.38
CIDADE OCIDENTAL,familia - interior,2021,610,721,307,29.86
CIDADE OCIDENTAL,fazenda publica mista,2021,2862,2447,2844,53.75
CIDADE OCIDENTAL,infancia e juventude civel,2021,80,107,19,15.08
CIDADE OCIDENTAL,infancia e juventude infracional,2021,51,190,13,6.4
CIDADE OCIDENTAL,juizado especial civel,2021,789,788,521,39.8
CIDADE OCIDENTAL,juizado especial criminal,2021,611,712,510,41.73
CIDADE OCIDENTAL,juizado especial fazenda publica,2021,68,10,65,86.67
CIDADE OCIDENTAL,preprocessual,2021,916,910,39,4.11
COCALZINHO DE GOIÁS,civel,2021,132,102,118,53.64
COCALZINHO DE GOIÁS,criminal,2021,348,481,255,34.65
COCALZINHO DE GOIÁS,execucao penal,2021,12,6,12,66.67
COCALZINHO DE GOIÁS,familia - interior,2021,206,165,177,51.75
COCALZINHO DE GOIÁS,fazenda publica mista,2021,42,191,38,16.59
COCALZINHO DE GOIÁS,infancia e juventude civel,2021,11,9,7,43.75
COCALZINHO DE GOIÁS,infancia e juventude infracional,2021,12,26,9,25.71
COCALZINHO DE GOIÁS,juizado especial civel,2021,126,182,117,39.13
COCALZINHO DE GOIÁS,juizado especial criminal,2021,123,130,118,47.58
COCALZINHO DE GOIÁS,juizado especial fazenda publica,2021,16,1,16,94.12
CORUMBAÍBA,civel,2021,129,169,123,42.12
CORUMBAÍBA,criminal,2021,158,244,105,30.09
CORUMBAÍBA,execucao penal,2021,20,11,20,64.52
CORUMBAÍBA,familia - interior,2021,111,153,106,40.93
CORUMBAÍBA,fazenda publica mista,2021,614,219,609,73.55
CORUMBAÍBA,infancia e juventude civel,2021,3,8,2,20.0
CORUMBAÍBA,infancia e juventude infracional,2021,17,13,17,56.67
CORUMBAÍBA,juizado especial civel,2021,185,255,173,40.42
CORUMBAÍBA,juizado especial criminal,2021,53,57,51,47.22
CORUMBAÍBA,juizado especial fazenda publica,2021,19,26,18,40.91
CORUMBAÍBA,preprocessual,2021,93,28,85,75.22
CORUMBÁ DE GOIÁS,civel,2021,72,80,55,40.74
CORUMBÁ DE GOIÁS,criminal,2021,142,169,91,35.0
CORUMBÁ DE GOIÁS,execucao penal,2021,36,6,36,85.71
CORUMBÁ DE GOIÁS,familia - interior,2021,134,79,101,56.11
CORUMBÁ DE GOIÁS,fazenda publica mista,2021,41,90,30,25.0
CORUMBÁ DE GOIÁS,infancia e juventude civel,2021,4,4,1,20.0
CORUMBÁ DE GOIÁS,infancia e juventude infracional,2021,8,13,4,23.53
CORUMBÁ DE GOIÁS,juizado especial civel,2021,87,92,68,42.5
CORUMBÁ DE GOIÁS,juizado especial criminal,2021,177,215,102,32.18
CORUMBÁ DE GOIÁS,juizado especial fazenda publica,2021,28,9,27,75.0
CRISTALINA,civel,2021,529,644,468,42.09
CRISTALINA,criminal,2021,777,1350,498,26.95
CRISTALINA,execucao penal,2021,59,73,55,42.97
CRISTALINA,familia - interior,2021,455,473,335,41.46
CRISTALINA,fazenda publica mista,2021,179,900,142,13.63
CRISTALINA,infancia e juventude civel,2021,36,78,30,27.78
CRISTALINA,infancia e juventude infracional,2021,49,179,36,16.74
CRISTALINA,juizado especial civel,2021,349,363,302,45.41
CRISTALINA,juizado especial criminal,2021,157,213,155,42.12
CRISTALINA,juizado especial fazenda publica,2021,192,50,176,77.88
CRISTALINA,preprocessual,2021,209,168,87,34.12
CRIXÁS,civel,2021,155,178,132,42.58
CRIXÁS,criminal,2021,362,315,295,48.36
CRIXÁS,execucao penal,2021,30,21,29,58.0
CRIXÁS,familia - interior,2021,183,191,122,38.98
CRIXÁS,fazenda publica mista,2021,229,276,215,43.79
CRIXÁS,infancia e juventude civel,2021,6,6,4,40.0
CRIXÁS,infancia e juventude infracional,2021,24,31,16,34.04
CRIXÁS,juizado especial civel,2021,245,217,214,49.65
CRIXÁS,juizado especial criminal,2021,58,108,41,27.52
CRIXÁS,juizado especial fazenda publica,2021,25,2,23,92.0
CROMÍNIA,civel,2021,91,99,82,45.3
CROMÍNIA,criminal,2021,153,142,126,47.01
CROMÍNIA,execucao penal,2021,3,9,2,18.18
CROMÍNIA,familia - interior,2021,107,103,95,47.98
CROMÍNIA,fazenda publica mista,2021,55,154,49,24.14
CROMÍNIA,infancia e juventude civel,2021,2,2,0,0.0
CROMÍNIA,infancia e juventude infracional,2021,2,3,2,40.0
CROMÍNIA,juizado especial civel,2021,58,74,51,40.8
CROMÍNIA,juizado especial criminal,2021,66,90,63,41.18
CROMÍNIA,juizado especial fazenda publica,2021,25,6,21,77.78
CUMARI,civel,2021,58,51,47,47.96
CUMARI,criminal,2021,75,65,58,47.15
CUMARI,execucao penal,2021,12,5,12,70.59
CUMARI,familia - interior,2021,78,89,55,38.19
CUMARI,fazenda publica mista,2021,29,31,24,43.64
CUMARI,infancia e juventude civel,2021,1,3,0,0.0
CUMARI,infancia e juventude infracional,2021,5,6,5,45.45
CUMARI,juizado especial civel,2021,115,124,76,38.0
CUMARI,juizado especial criminal,2021,21,16,21,56.76
CUMARI,juizado especial fazenda publica,2021,16,6,15,71.43
EDÉIA,civel,2021,198,217,188,46.42
EDÉIA,criminal,2021,271,401,178,30.74
EDÉIA,execucao penal,2021,17,15,17,53.12
EDÉIA,familia - interior,2021,176,269,159,37.15
EDÉIA,fazenda publica mista,2021,110,184,96,34.29
EDÉIA,infancia e juventude civel,2021,4,6,3,33.33
EDÉIA,infancia e juventude infracional,2021,9,17,8,32.0
EDÉIA,juizado especial civel,2021,258,389,246,38.74
EDÉIA,juizado especial criminal,2021,83,202,69,25.46
EDÉIA,juizado especial fazenda publica,2021,67,1,66,98.51
ESTRELA DO NORTE,civel,2021,188,89,177,66.54
ESTRELA DO NORTE,criminal,2021,119,174,57,24.68
ESTRELA DO NORTE,execucao penal,2021,30,13,27,67.5
ESTRELA DO NORTE,familia - interior,2021,122,119,78,39.59
ESTRELA DO NORTE,fazenda publica mista,2021,238,321,211,39.66
ESTRELA DO NORTE,infancia e juventude civel,2021,6,3,4,57.14
ESTRELA DO NORTE,infancia e juventude infracional,2021,12,11,7,38.89
ESTRELA DO NORTE,juizado especial civel,2021,142,154,98,38.89
ESTRELA DO NORTE,juizado especial criminal,2021,36,54,23,29.87
ESTRELA DO NORTE,juizado especial fazenda publica,2021,31,6,29,82.86
FAZENDA NOVA,civel,2021,60,267,43,13.87
FAZENDA NOVA,criminal,2021,52,98,33,25.19
FAZENDA NOVA,execucao penal,2021,7,18,7,28.0
FAZENDA NOVA,familia - interior,2021,111,115,61,34.66
FAZENDA NOVA,fazenda publica mista,2021,153,123,136,52.51
FAZENDA NOVA,infancia e juventude civel,2021,6,1,5,83.33
FAZENDA NOVA,infancia e juventude infracional,2021,1,3,1,25.0
FAZENDA NOVA,juizado especial civel,2021,91,143,59,29.21
FAZENDA NOVA,juizado especial criminal,2021,26,161,18,10.06
FAZENDA NOVA,juizado especial fazenda publica,2021,106,67,87,56.49
FIRMINÓPOLIS,civel,2021,185,170,165,49.25
FIRMINÓPOLIS,criminal,2021,204,266,143,34.96
FIRMINÓPOLIS,execucao penal,2021,18,24,18,42.86
FIRMINÓPOLIS,familia - interior,2021,136,149,114,43.35
FIRMINÓPOLIS,fazenda publica mista,2021,1121,216,1103,83.62
FIRMINÓPOLIS,infancia e juventude civel,2021,5,7,3,30.0
FIRMINÓPOLIS,infancia e juventude infracional,2021,1,6,1,14.29
FIRMINÓPOLIS,juizado especial civel,2021,126,139,100,41.84
FIRMINÓPOLIS,juizado especial criminal,2021,41,201,33,14.1
FIRMINÓPOLIS,juizado especial fazenda publica,2021,70,15,66,81.48
FLORES DE GOIÁS,civel,2021,102,171,80,31.87
FLORES DE GOIÁS,criminal,2021,171,618,95,13.32
FLORES DE GOIÁS,execucao penal,2021,37,24,34,58.62
FLORES DE GOIÁS,familia - interior,2021,116,112,87,43.72
FLORES DE GOIÁS,fazenda publica mista,2021,212,190,202,51.53
FLORES DE GOIÁS,infancia e juventude civel,2021,10,8,8,50.0
FLORES DE GOIÁS,infancia e juventude infracional,2021,6,23,5,17.86
FLORES DE GOIÁS,juizado especial civel,2021,95,121,58,32.4
FLORES DE GOIÁS,juizado especial criminal,2021,34,88,25,22.12
FLORES DE GOIÁS,juizado especial fazenda publica,2021,12,1,11,91.67
FORMOSA,civel,2021,1266,1708,995,36.81
FORMOSA,criminal,2021,2445,2195,1598,42.13
FORMOSA,execucao penal,2021,222,173,216,55.53
FORMOSA,familia - interior,2021,1135,1269,885,41.09
FORMOSA,fazenda publica mista,2021,2700,2408,2633,52.23
FORMOSA,infancia e juventude civel,2021,94,106,48,31.17
FORMOSA,infancia e juventude infracional,2021,209,236,87,26.93
FORMOSA,juizado especial civel,2021,1117,1715,700,28.99
FORMOSA,juizado especial criminal,2021,454,543,424,43.85
FORMOSA,juizado especial fazenda publica,2021,350,40,344,89.58
FORMOSA,preprocessual,2021,151,368,13,3.41
FORMOSO,civel,2021,276,157,238,60.25
FORMOSO,criminal,2021,105,95,75,44.12
FORMOSO,familia - interior,2021,102,117,68,36.76
FORMOSO,fazenda publica mista,2021,308,246,304,55.27
FORMOSO,infancia e juventude civel,2021,6,1,6,85.71
FORMOSO,infancia e juventude infracional,2021,7,7,3,30.0
FORMOSO,juizado especial civel,2021,288,749,209,21.82
FORMOSO,juizado especial criminal,2021,39,139,37,21.02
FORMOSO,juizado especial fazenda publica,2021,43,0,43,100.0
GOIANDIRA,civel,2021,108,101,97,48.99
GOIANDIRA,criminal,2021,69,192,47,19.67
GOIANDIRA,execucao penal,2021,22,14,22,61.11
GOIANDIRA,familia - interior,2021,64,145,48,24.87
GOIANDIRA,fazenda publica mista,2021,64,138,50,26.6
GOIANDIRA,infancia e juventude civel,2021,5,3,4,57.14
GOIANDIRA,infancia e juventude infracional,2021,24,44,22,33.33
GOIANDIRA,juizado especial civel,2021,96,108,84,43.75
GOIANDIRA,juizado especial criminal,2021,59,270,52,16.15
GOIANDIRA,juizado especial fazenda publica,2021,27,30,20,40.0
GOIANIRA,civel,2021,814,742,756,50.47
GOIANIRA,criminal,2021,835,1722,593,25.62
GOIANIRA,execucao penal,2021,42,19,40,67.8
GOIANIRA,familia - interior,2021,670,799,512,39.05
GOIANIRA,fazenda publica mista,2021,177,653,160,19.68
GOIANIRA,infancia e juventude civel,2021,49,86,33,27.73
GOIANIRA,infancia e juventude infracional,2021,32,156,17,9.83
GOIANIRA,juizado especial civel,2021,704,1072,560,34.31
GOIANIRA,juizado especial criminal,2021,369,355,265,42.74
GOIANIRA,juizado especial fazenda publica,2021,146,14,135,90.6
GOIANIRA,preprocessual,2021,161,141,107,43.15
GOIANÁPOLIS,civel,2021,219,312,158,33.62
GOIANÁPOLIS,criminal,2021,529,646,362,35.91
GOIANÁPOLIS,execucao penal,2021,22,33,17,34.0
GOIANÁPOLIS,familia - interior,2021,275,294,227,43.57
GOIANÁPOLIS,fazenda publica mista,2021,115,311,93,23.02
GOIANÁPOLIS,infancia e juventude civel,2021,14,14,11,44.0
GOIANÁPOLIS,infancia e juventude infracional,2021,25,118,16,11.94
GOIANÁPOLIS,juizado especial civel,2021,155,343,134,28.09
GOIANÁPOLIS,juizado especial criminal,2021,151,204,146,41.71
GOIANÁPOLIS,juizado especial fazenda publica,2021,97,1,97,98.98
GOIANÉSIA,civel,2021,714,1372,603,30.53
GOIANÉSIA,criminal,2021,1498,1391,1119,44.58
GOIANÉSIA,execucao penal,2021,71,238,71,22.98
GOIANÉSIA,familia - interior,2021,796,1182,595,33.48
GOIANÉSIA,fazenda publica mista,2021,1101,2464,1028,29.44
GOIANÉSIA,infancia e juventude civel,2021,68,126,52,29.21
GOIANÉSIA,infancia e juventude infracional,2021,76,175,59,25.21
GOIANÉSIA,juizado especial civel,2021,1185,2111,852,28.75
GOIANÉSIA,juizado especial criminal,2021,225,472,196,29.34
GOIANÉSIA,juizado especial fazenda publica,2021,403,61,377,86.07
GOIANÉSIA,preprocessual,2021,124,85,77,47.53
GOIATUBA,civel,2021,543,1241,411,24.88
GOIATUBA,criminal,2021,544,735,363,33.06
GOIATUBA,execucao penal,2021,71,76,71,48.3
GOIATUBA,familia - interior,2021,574,700,418,37.39
GOIATUBA,fazenda publica mista,2021,189,1522,140,8.42
GOIATUBA,infancia e juventude civel,2021,10,23,7,23.33
GOIATUBA,infancia e juventude infracional,2021,47,72,43,37.39
GOIATUBA,juizado especial civel,2021,934,519,884,63.01
GOIATUBA,juizado especial criminal,2021,218,182,186,50.54
GOIATUBA,juizado especial fazenda publica,2021,104,6,101,94.39
GOIÁS,civel,2021,289,360,249,40.89
GOIÁS,criminal,2021,475,576,367,38.92
GOIÁS,execucao penal,2021,85,49,85,63.43
GOIÁS,familia - interior,2021,365,945,266,21.97
GOIÁS,fazenda publica mista,2021,786,1339,657,32.92
GOIÁS,infancia e juventude civel,2021,8,21,6,22.22
GOIÁS,infancia e juventude infracional,2021,43,67,27,28.72
GOIÁS,juizado especial civel,2021,503,582,344,37.15
GOIÁS,juizado especial criminal,2021,174,130,136,51.13
GOIÁS,juizado especial fazenda publica,2021,385,83,349,80.79
GOIÁS,preprocessual,2021,33,29,7,19.44
GOIÂNIA,auditoria militar civel,2021,28,24,26,52.0
GOIÂNIA,auditoria militar criminal,2021,682,994,444,30.88
GOIÂNIA,civel,2021,35781,37011,31663,46.11
GOIÂNIA,criminal,2021,11188,21259,7573,26.27
GOIÂNIA,execucao de pena alternativa,2021,73,126,28,18.18
GOIÂNIA,execucao penal,2021,2749,3801,2504,39.71
GOIÂNIA,fazenda publica estadual,2021,9564,4227,9239,68.61
GOIÂNIA,fazenda publica estadual - execucao fiscal,2021,951,2166,774,26.33
GOIÂNIA,fazenda publica mista,2021,8,0,8,100.0
GOIÂNIA,fazenda publica municipal,2021,2343,3002,2029,40.33
GOIÂNIA,fazenda publica municipal - execucao fiscal,2021,7581,8818,7519,46.02
GOIÂNIA,infancia e juventude civel,2021,1009,872,821,48.49
GOIÂNIA,infancia e juventude infracional,2021,1102,1591,642,28.75
GOIÂNIA,juizado de violencia domestica,2021,2,37,2,5.13
GOIÂNIA,juizado especial civel,2021,37397,47865,25239,34.52
GOIÂNIA,juizado especial civel e criminal,2021,167,0,167,100.0
GOIÂNIA,juizado especial criminal,2021,17129,20140,9716,32.54
GOIÂNIA,juizado especial fazenda publica,2021,499,2,497,99.6
GOIÂNIA,precatoria,2021,8866,10813,4076,27.38
GOIÂNIA,preprocessual,2021,2299,2231,657,22.75
GOIÂNIA,secao criminal,2021,20,27,0,0.0
GOIÂNIA,upj criminal,2021,871,1315,536,28.96
GOIÂNIA,upj custodia,2021,10,32,6,15.79
GOIÂNIA,upj de violencia domestica,2021,5901,10138,4306,29.81
GOIÂNIA,upj familia,2021,10908,11371,8066,41.5
GOIÂNIA,upj juizado especial da fazenda publica,2021,16821,26242,13266,33.58
GOIÂNIA,upj sucessoes,2021,2433,2099,2226,51.47
GOIÂNIA,upj turma recursal,2021,22604,32450,10389,24.25
GUAPÓ,civel,2021,542,606,489,44.66
GUAPÓ,criminal,2021,736,1172,483,29.18
GUAPÓ,execucao penal,2021,30,57,30,34.48
GUAPÓ,familia - interior,2021,336,553,277,33.37
GUAPÓ,fazenda publica mista,2021,206,1300,157,10.78
GUAPÓ,infancia e juventude civel,2021,27,35,18,33.96
GUAPÓ,infancia e juventude infracional,2021,37,74,26,26.0
GUAPÓ,juizado especial civel,2021,264,544,199,26.78
GUAPÓ,juizado especial criminal,2021,189,153,138,47.42
GUAPÓ,juizado especial fazenda publica,2021,124,56,95,62.91
GUAPÓ,preprocessual,2021,116,131,14,9.66
HIDROLÂNDIA,civel,2021,308,248,286,53.56
HIDROLÂNDIA,criminal,2021,247,344,200,36.76
HIDROLÂNDIA,execucao penal,2021,56,19,55,74.32
HIDROLÂNDIA,familia - interior,2021,268,264,213,44.65
HIDROLÂNDIA,fazenda publica mista,2021,65,165,62,27.31
HIDROLÂNDIA,infancia e juventude civel,2021,19,43,7,14.0
HIDROLÂNDIA,infancia e juventude infracional,2021,16,107,12,10.08
HIDROLÂNDIA,juizado especial civel,2021,225,278,196,41.35
HIDROLÂNDIA,juizado especial criminal,2021,192,59,191,76.4
HIDROLÂNDIA,juizado especial fazenda publica,2021,63,1,62,98.41
IACIARA,civel,2021,93,129,65,33.51
IACIARA,criminal,2021,251,320,188,37.01
IACIARA,execucao penal,2021,7,16,6,27.27
IACIARA,familia - interior,2021,122,137,83,37.73
IACIARA,fazenda publica mista,2021,132,276,129,31.85
IACIARA,infancia e juventude infracional,2021,3,6,1,14.29
IACIARA,juizado especial civel,2021,100,94,80,45.98
IACIARA,juizado especial criminal,2021,22,33,18,35.29
IACIARA,juizado especial fazenda publica,2021,32,0,32,100.0
INHUMAS,civel,2021,757,882,663,42.91
INHUMAS,criminal,2021,652,434,475,52.26
INHUMAS,execucao penal,2021,59,89,45,33.58
INHUMAS,familia - interior,2021,615,674,410,37.82
INHUMAS,fazenda publica mista,2021,1149,1851,999,35.05
INHUMAS,infancia e juventude civel,2021,52,51,36,41.38
INHUMAS,infancia e juventude infracional,2021,18,53,13,19.7
INHUMAS,juizado especial civel,2021,1204,1703,1017,37.39
INHUMAS,juizado especial criminal,2021,249,145,232,61.54
INHUMAS,juizado especial fazenda publica,2021,217,24,211,89.79
IPAMERI,civel,2021,329,730,213,22.59
IPAMERI,criminal,2021,584,1187,296,19.96
IPAMERI,execucao penal,2021,107,42,98,70.0
IPAMERI,familia - interior,2021,433,561,231,29.17
IPAMERI,fazenda publica mista,2021,385,1355,234,14.73
IPAMERI,infancia e juventude civel,2021,21,31,6,16.22
IPAMERI,infancia e juventude infracional,2021,17,60,9,13.04
IPAMERI,juizado especial civel,2021,1184,1991,667,25.09
IPAMERI,juizado especial criminal,2021,271,270,182,40.27
IPAMERI,juizado especial fazenda publica,2021,123,74,82,52.56
IPAMERI,preprocessual,2021,7,1,6,85.71
IPORÁ,civel,2021,401,666,305,31.41
IPORÁ,criminal,2021,705,1181,427,26.55
IPORÁ,execucao penal,2021,114,66,111,62.71
IPORÁ,familia - interior,2021,501,584,333,36.31
IPORÁ,fazenda publica mista,2021,759,1191,669,35.97
IPORÁ,infancia e juventude civel,2021,33,49,21,30.0
IPORÁ,infancia e juventude infracional,2021,22,39,19,32.76
IPORÁ,juizado especial civel,2021,565,686,409,37.35
IPORÁ,juizado especial criminal,2021,358,84,355,80.87
IPORÁ,juizado especial fazenda publica,2021,256,135,149,52.46
IPORÁ,preprocessual,2021,70,89,13,12.75
ISRAELÂNDIA,civel,2021,34,45,30,40.0
ISRAELÂNDIA,criminal,2021,120,142,94,39.83
ISRAELÂNDIA,execucao penal,2021,12,8,12,60.0
ISRAELÂNDIA,familia - interior,2021,49,34,41,54.67
ISRAELÂNDIA,fazenda publica mista,2021,44,103,41,28.47
ISRAELÂNDIA,infancia e juventude civel,2021,2,2,1,33.33
ISRAELÂNDIA,infancia e juventude infracional,2021,16,4,16,80.0
ISRAELÂNDIA,juizado especial civel,2021,80,80,40,33.33
ISRAELÂNDIA,juizado especial criminal,2021,65,29,52,64.2
ISRAELÂNDIA,juizado especial fazenda publica,2021,62,6,58,90.62
ITABERAÍ,civel,2021,619,620,523,45.76
ITABERAÍ,criminal,2021,946,1360,526,27.89
ITABERAÍ,execucao penal,2021,71,48,70,59.32
ITABERAÍ,familia - interior,2021,382,428,273,38.94
ITABERAÍ,fazenda publica mista,2021,561,513,548,51.65
ITABERAÍ,infancia e juventude civel,2021,29,52,9,14.75
ITABERAÍ,infancia e juventude infracional,2021,73,84,62,42.47
ITABERAÍ,juizado especial civel,2021,933,1333,627,31.99
ITABERAÍ,juizado especial criminal,2021,673,988,445,31.05
ITABERAÍ,juizado especial fazenda publica,2021,180,7,178,96.22
ITABERAÍ,preprocessual,2021,272,269,47,14.87
ITAGUARU,civel,2021,41,68,33,32.67
ITAGUARU,criminal,2021,70,84,47,35.88
ITAGUARU,execucao penal,2021,9,6,9,60.0
ITAGUARU,familia - interior,2021,96,105,55,34.38
ITAGUARU,fazenda publica mista,2021,115,164,96,36.92
ITAGUARU,infancia e juventude infracional,2021,4,4,2,33.33
ITAGUARU,juizado especial civel,2021,37,64,16,20.0
ITAGUARU,juizado especial criminal,2021,43,75,24,24.24
ITAGUARU,juizado especial fazenda publica,2021,18,5,15,75.0
ITAJÁ,civel,2021,286,842,220,20.72
ITAJÁ,criminal,2021,164,234,105,30.97
ITAJÁ,execucao penal,2021,19,29,18,38.3
ITAJÁ,familia - interior,2021,122,191,92,32.51
ITAJÁ,fazenda publica mista,2021,179,226,153,40.37
ITAJÁ,infancia e juventude civel,2021,31,42,28,40.0
ITAJÁ,infancia e juventude infracional,2021,6,17,6,26.09
ITAJÁ,juizado especial civel,2021,79,135,59,30.41
ITAJÁ,juizado especial criminal,2021,50,25,48,65.75
ITAJÁ,juizado especial fazenda publica,2021,20,5,20,80.0
ITAPACI,civel,2021,275,364,240,39.74
ITAPACI,criminal,2021,245,505,134,20.97
ITAPACI,execucao penal,2021,6,39,6,13.33
ITAPACI,familia - interior,2021,266,444,185,29.41
ITAPACI,fazenda publica mista,2021,384,521,332,38.92
ITAPACI,infancia e juventude civel,2021,7,12,6,33.33
ITAPACI,infancia e juventude infracional,2021,7,17,4,19.05
ITAPACI,juizado especial civel,2021,528,466,456,49.46
ITAPACI,juizado especial criminal,2021,89,907,79,8.01
ITAPACI,juizado especial fazenda publica,2021,170,125,151,54.71
ITAPIRAPUÃ,civel,2021,262,198,245,55.3
ITAPIRAPUÃ,criminal,2021,161,149,148,49.83
ITAPIRAPUÃ,familia - interior,2021,118,100,109,52.15
ITAPIRAPUÃ,fazenda publica mista,2021,243,177,233,56.83
ITAPIRAPUÃ,infancia e juventude civel,2021,2,5,2,28.57
ITAPIRAPUÃ,infancia e juventude infracional,2021,8,12,7,36.84
ITAPIRAPUÃ,juizado especial civel,2021,174,227,157,40.89
ITAPIRAPUÃ,juizado especial criminal,2021,35,18,35,66.04
ITAPIRAPUÃ,juizado especial fazenda publica,2021,61,7,58,89.23
ITAPURANGA,civel,2021,262,500,213,29.87
ITAPURANGA,criminal,2021,535,429,406,48.62
ITAPURANGA,execucao penal,2021,36,29,36,55.38
ITAPURANGA,familia - interior,2021,342,406,243,37.44
ITAPURANGA,fazenda publica mista,2021,720,792,669,45.79
ITAPURANGA,infancia e juventude civel,2021,13,17,5,22.73
ITAPURANGA,infancia e juventude infracional,2021,29,47,24,33.8
ITAPURANGA,juizado especial civel,2021,460,481,339,41.34
ITAPURANGA,juizado especial criminal,2021,257,84,230,73.25
ITAPURANGA,juizado especial fazenda publica,2021,207,31,200,86.58
ITAUÇU,civel,2021,56,147,50,25.38
ITAUÇU,criminal,2021,81,229,64,21.84
ITAUÇU,execucao penal,2021,7,14,6,30.0
ITAUÇU,familia - interior,2021,66,80,58,42.03
ITAUÇU,fazenda publica mista,2021,93,329,87,20.91
ITAUÇU,infancia e juventude civel,2021,1,1,1,50.0
ITAUÇU,infancia e juventude infracional,2021,2,11,2,15.38
ITAUÇU,juizado especial civel,2021,59,201,51,20.24
ITAUÇU,juizado especial criminal,2021,25,20,25,55.56
ITAUÇU,juizado especial fazenda publica,2021,19,2,17,89.47
ITUMBIARA,civel,2021,2166,2314,1806,43.83
ITUMBIARA,criminal,2021,2209,2459,1344,35.34
ITUMBIARA,execucao penal,2021,228,169,221,56.67
ITUMBIARA,familia - interior,2021,1700,1634,1239,43.13
ITUMBIARA,fazenda publica mista,2021,896,1818,849,31.83
ITUMBIARA,infancia e juventude civel,2021,90,105,53,33.54
ITUMBIARA,infancia e juventude infracional,2021,148,164,115,41.22
ITUMBIARA,juizado especial civel e criminal,2021,3723,5009,1532,23.42
ITUMBIARA,juizado especial fazenda publica,2021,469,162,441,73.13
ITUMBIARA,preprocessual,2021,83,68,23,25.27
JANDAIA,civel,2021,414,334,362,52.01
JANDAIA,criminal,2021,268,309,222,41.81
JANDAIA,execucao penal,2021,44,14,44,75.86
JANDAIA,familia - interior,2021,213,173,169,49.42
JANDAIA,fazenda publica mista,2021,342,237,336,58.64
JANDAIA,infancia e juventude civel,2021,2,6,1,14.29
JANDAIA,infancia e juventude infracional,2021,13,33,10,23.26
JANDAIA,juizado especial civel,2021,780,603,657,52.14
JANDAIA,juizado especial criminal,2021,108,60,103,63.19
JANDAIA,juizado especial fazenda publica,2021,74,4,74,94.87
JANDAIA,preprocessual,2021,163,172,34,16.5
JARAGUÁ,civel,2021,351,523,298,36.3
JARAGUÁ,criminal,2021,938,1050,787,42.84
JARAGUÁ,execucao penal,2021,60,114,51,30.91
JARAGUÁ,familia - interior,2021,435,438,354,44.7
JARAGUÁ,fazenda publica mista,2021,780,1366,725,34.67
JARAGUÁ,infancia e juventude civel,2021,19,52,12,18.75
JARAGUÁ,infancia e juventude infracional,2021,56,137,51,27.13
JARAGUÁ,juizado especial civel,2021,778,982,435,30.7
JARAGUÁ,juizado especial criminal,2021,279,2182,189,7.97
JARAGUÁ,juizado especial fazenda publica,2021,171,11,166,93.79
JATAÍ,civel,2021,1587,3156,1298,29.14
JATAÍ,criminal,2021,1377,2147,906,29.68
JATAÍ,execucao penal,2021,130,213,120,36.04
JATAÍ,familia - interior,2021,1208,1718,819,32.28
JATAÍ,fazenda publica mista,2021,1485,1312,1130,46.27
JATAÍ,infancia e juventude civel,2021,67,134,43,24.29
JATAÍ,infancia e juventude infracional,2021,112,365,98,21.17
JATAÍ,juizado de violencia domestica,2021,1034,793,877,52.51
JATAÍ,juizado especial civel e criminal,2021,2387,3228,1380,29.95
JATAÍ,juizado especial fazenda publica,2021,245,31,234,88.3
JATAÍ,preprocessual,2021,621,1011,205,16.86
JOVIÂNIA,civel,2021,80,117,58,33.14
JOVIÂNIA,criminal,2021,92,175,49,21.88
JOVIÂNIA,execucao penal,2021,23,40,17,29.82
JOVIÂNIA,familia - interior,2021,127,111,86,43.65
JOVIÂNIA,fazenda publica mista,2021,54,151,46,23.35
JOVIÂNIA,infancia e juventude civel,2021,2,3,0,0.0
JOVIÂNIA,infancia e juventude infracional,2021,4,8,3,27.27
JOVIÂNIA,juizado especial civel,2021,42,61,23,27.38
JOVIÂNIA,juizado especial criminal,2021,41,79,21,21.0
JOVIÂNIA,juizado especial fazenda publica,2021,28,7,25,78.12
JUSSARA,civel,2021,301,434,249,36.46
JUSSARA,criminal,2021,429,691,311,31.04
JUSSARA,execucao penal,2021,65,19,61,76.25
JUSSARA,familia - interior,2021,285,395,177,30.94
JUSSARA,fazenda publica mista,2021,383,839,324,27.86
JUSSARA,infancia e juventude civel,2021,24,29,17,36.96
JUSSARA,infancia e juventude infracional,2021,28,79,24,23.3
JUSSARA,juizado especial civel,2021,451,635,429,40.32
JUSSARA,juizado especial criminal,2021,136,229,97,29.75
JUSSARA,juizado especial fazenda publica,2021,54,28,48,63.16
JUSSARA,preprocessual,2021,4,0,4,100.0
LEOPOLDO DE BULHÕES,civel,2021,145,183,128,41.16
LEOPOLDO DE BULHÕES,criminal,2021,201,366,132,26.51
LEOPOLDO DE BULHÕES,execucao penal,2021,14,13,13,50.0
LEOPOLDO DE BULHÕES,familia - interior,2021,139,165,123,42.71
LEOPOLDO DE BULHÕES,fazenda publica mista,2021,37,68,34,33.33
LEOPOLDO DE BULHÕES,infancia e juventude civel,2021,9,10,6,37.5
LEOPOLDO DE BULHÕES,infancia e juventude infracional,2021,10,28,10,26.32
LEOPOLDO DE BULHÕES,juizado especial civel,2021,80,72,77,51.68
LEOPOLDO DE BULHÕES,juizado especial criminal,2021,142,51,136,72.73
LEOPOLDO DE BULHÕES,juizado especial fazenda publica,2021,21,3,19,86.36
LUZIÂNIA,civel,2021,2164,2216,1885,45.96
LUZIÂNIA,criminal,2021,1206,2323,856,26.93
LUZIÂNIA,execucao penal,2021,204,500,193,27.85
LUZIÂNIA,fazenda publica mista,2021,6029,2318,5075,68.65
LUZIÂNIA,infancia e juventude civel,2021,348,243,295,54.83
LUZIÂNIA,infancia e juventude infracional,2021,225,428,138,24.38
LUZIÂNIA,juizado de violencia domestica,2021,2284,1670,1273,43.26
LUZIÂNIA,juizado especial civel,2021,1898,1816,1181,39.41
LUZIÂNIA,juizado especial criminal,2021,1423,2058,1017,33.07
LUZIÂNIA,juizado especial fazenda publica,2021,669,52,640,92.49
LUZIÂNIA,preprocessual,2021,529,540,286,34.62
LUZIÂNIA,upj familia interior,2021,1598,1281,1267,49.73
MARA ROSA,civel,2021,138,140,114,44.88
MARA ROSA,criminal,2021,228,264,129,32.82
MARA ROSA,execucao penal,2021,34,40,34,45.95
MARA ROSA,familia - interior,2021,149,207,96,31.68
MARA ROSA,fazenda publica mista,2021,73,305,63,17.12
MARA ROSA,infancia e juventude civel,2021,8,3,7,70.0
MARA ROSA,infancia e juventude infracional,2021,5,4,5,55.56
MARA ROSA,juizado especial civel,2021,161,208,156,42.86
MARA ROSA,juizado especial criminal,2021,98,57,84,59.57
MARA ROSA,juizado especial fazenda publica,2021,21,1,21,95.45
MAURILÂNDIA,civel,2021,243,1043,191,15.48
MAURILÂNDIA,criminal,2021,252,386,151,28.12
MAURILÂNDIA,execucao penal,2021,45,26,43,62.32
MAURILÂNDIA,familia - interior,2021,258,417,148,26.19
MAURILÂNDIA,fazenda publica mista,2021,245,940,200,17.54
MAURILÂNDIA,infancia e juventude civel,2021,9,20,7,25.93
MAURILÂNDIA,infancia e juventude infracional,2021,24,17,15,46.88
MAURILÂNDIA,juizado especial civel,2021,229,451,158,25.94
MAURILÂNDIA,juizado especial criminal,2021,84,136,48,26.09
MAURILÂNDIA,juizado especial fazenda publica,2021,49,12,39,76.47
MINAÇU,civel,2021,275,744,237,24.16
MINAÇU,criminal,2021,546,607,369,37.81
MINAÇU,execucao penal,2021,30,4,30,88.24
MINAÇU,familia - interior,2021,336,415,189,31.29
MINAÇU,fazenda publica mista,2021,1322,2010,1255,38.44
MINAÇU,infancia e juventude civel,2021,15,25,9,26.47
MINAÇU,infancia e juventude infracional,2021,22,68,12,15.0
MINAÇU,juizado especial civel,2021,509,418,425,50.42
MINAÇU,juizado especial criminal,2021,98,91,84,48.0
MINAÇU,juizado especial fazenda publica,2021,58,14,55,79.71
MINEIROS,civel,2021,969,1260,903,41.75
MINEIROS,criminal,2021,1372,1488,1141,43.4
MINEIROS,execucao penal,2021,34,59,34,36.56
MINEIROS,familia - interior,2021,837,808,753,48.24
MINEIROS,fazenda publica mista,2021,810,1329,749,36.04
MINEIROS,infancia e juventude civel,2021,93,170,66,27.97
MINEIROS,infancia e juventude infracional,2021,86,94,62,39.74
MINEIROS,juizado especial civel,2021,1906,1025,1772,63.35
MINEIROS,juizado especial criminal,2021,562,1251,409,24.64
MINEIROS,juizado especial fazenda publica,2021,112,43,104,70.75
MINEIROS,preprocessual,2021,261,180,187,50.95
MONTES CLAROS DE GOIÁS,civel,2021,102,136,83,37.9
MONTES CLAROS DE GOIÁS,criminal,2021,107,212,79,27.15
MONTES CLAROS DE GOIÁS,execucao penal,2021,18,16,17,51.52
MONTES CLAROS DE GOIÁS,familia - interior,2021,123,110,104,48.6
MONTES CLAROS DE GOIÁS,fazenda publica mista,2021,135,321,108,25.17
MONTES CLAROS DE GOIÁS,infancia e juventude infracional,2021,8,14,7,33.33
MONTES CLAROS DE GOIÁS,juizado especial civel,2021,86,135,78,36.62
MONTES CLAROS DE GOIÁS,juizado especial criminal,2021,23,31,17,35.42
MONTES CLAROS DE GOIÁS,juizado especial fazenda publica,2021,33,2,32,94.12
MONTIVIDIU,civel,2021,125,146,114,43.85
MONTIVIDIU,criminal,2021,142,108,134,55.37
MONTIVIDIU,execucao penal,2021,4,16,4,20.0
MONTIVIDIU,familia - interior,2021,149,124,119,48.97
MONTIVIDIU,fazenda publica mista,2021,286,59,285,82.85
MONTIVIDIU,infancia e juventude civel,2021,18,14,11,44.0
MONTIVIDIU,infancia e juventude infracional,2021,10,16,9,36.0
MONTIVIDIU,juizado especial civel,2021,105,114,90,44.12
MONTIVIDIU,juizado especial criminal,2021,63,7,63,90.0
MONTIVIDIU,juizado especial fazenda publica,2021,15,0,15,100.0
MORRINHOS,civel,2021,648,608,524,46.29
MORRINHOS,criminal,2021,1065,1220,516,29.72
MORRINHOS,execucao penal,2021,139,54,132,70.97
MORRINHOS,familia - interior,2021,765,830,482,36.74
MORRINHOS,fazenda publica mista,2021,541,864,512,37.21
MORRINHOS,infancia e juventude civel,2021,39,45,25,35.71
MORRINHOS,infancia e juventude infracional,2021,65,145,50,25.64
MORRINHOS,juizado especial civel,2021,835,869,485,35.82
MORRINHOS,juizado especial criminal,2021,365,424,196,31.61
MORRINHOS,juizado especial fazenda publica,2021,127,37,109,74.66
MOSSÂMEDES,civel,2021,61,78,54,40.91
MOSSÂMEDES,criminal,2021,70,114,37,24.5
MOSSÂMEDES,execucao penal,2021,8,16,8,33.33
MOSSÂMEDES,familia - interior,2021,100,122,61,33.33
MOSSÂMEDES,fazenda publica mista,2021,114,206,105,33.76
MOSSÂMEDES,infancia e juventude civel,2021,4,1,4,80.0
MOSSÂMEDES,infancia e juventude infracional,2021,1,2,1,33.33
MOSSÂMEDES,juizado especial civel,2021,258,234,157,40.15
MOSSÂMEDES,juizado especial criminal,2021,31,17,22,56.41
MOSSÂMEDES,juizado especial fazenda publica,2021,50,17,44,72.13
MOZARLÂNDIA,civel,2021,220,198,191,49.1
MOZARLÂNDIA,criminal,2021,299,473,211,30.85
MOZARLÂNDIA,execucao penal,2021,34,15,34,69.39
MOZARLÂNDIA,familia - interior,2021,233,397,142,26.35
MOZARLÂNDIA,fazenda publica mista,2021,498,661,478,41.97
MOZARLÂNDIA,infancia e juventude civel,2021,21,19,12,38.71
MOZARLÂNDIA,infancia e juventude infracional,2021,33,63,30,32.26
MOZARLÂNDIA,juizado especial civel,2021,344,444,255,36.48
MOZARLÂNDIA,juizado especial criminal,2021,112,130,96,42.48
MOZARLÂNDIA,juizado especial fazenda publica,2021,41,5,38,88.37
MOZARLÂNDIA,preprocessual,2021,57,57,14,19.72
NAZÁRIO,civel,2021,172,226,158,41.15
NAZÁRIO,criminal,2021,156,183,130,41.53
NAZÁRIO,execucao penal,2021,13,21,13,38.24
NAZÁRIO,familia - interior,2021,198,144,162,52.94
NAZÁRIO,fazenda publica mista,2021,202,366,193,34.53
NAZÁRIO,infancia e juventude civel,2021,5,6,3,33.33
NAZÁRIO,infancia e juventude infracional,2021,3,27,3,10.0
NAZÁRIO,juizado especial civel,2021,162,215,151,41.26
NAZÁRIO,juizado especial criminal,2021,55,66,42,38.89
NAZÁRIO,juizado especial fazenda publica,2021,61,23,61,72.62
NERÓPOLIS,civel,2021,383,435,340,43.87
NERÓPOLIS,criminal,2021,467,559,282,33.53
NERÓPOLIS,execucao penal,2021,48,33,47,58.75
NERÓPOLIS,familia - interior,2021,369,659,316,32.41
NERÓPOLIS,fazenda publica mista,2021,118,536,77,12.56
NERÓPOLIS,infancia e juventude civel,2021,19,67,17,20.24
NERÓPOLIS,infancia e juventude infracional,2021,17,115,14,10.85
NERÓPOLIS,juizado especial civel,2021,349,406,309,43.22
NERÓPOLIS,juizado especial criminal,2021,230,166,212,56.08
NERÓPOLIS,juizado especial fazenda publica,2021,201,28,189,87.1
NIQUELÂNDIA,civel,2021,522,698,420,37.57
NIQUELÂNDIA,criminal,2021,470,400,391,49.43
NIQUELÂNDIA,execucao penal,2021,36,27,34,55.74
NIQUELÂNDIA,familia - interior,2021,367,369,293,44.26
NIQUELÂNDIA,fazenda publica mista,2021,1225,1097,1171,51.63
NIQUELÂNDIA,infancia e juventude civel,2021,26,33,14,29.79
NIQUELÂNDIA,infancia e juventude infracional,2021,43,76,39,33.91
NIQUELÂNDIA,juizado especial civel,2021,497,1138,324,22.16
NIQUELÂNDIA,juizado especial criminal,2021,177,308,139,31.1
NIQUELÂNDIA,juizado especial fazenda publica,2021,86,8,81,91.01
NOVA CRIXÁS,civel,2021,500,138,463,77.04
NOVA CRIXÁS,criminal,2021,292,309,198,39.05
NOVA CRIXÁS,execucao penal,2021,8,46,8,14.81
NOVA CRIXÁS,familia - interior,2021,185,132,148,52.86
NOVA CRIXÁS,fazenda publica mista,2021,588,746,554,42.62
NOVA CRIXÁS,infancia e juventude civel,2021,9,7,7,50.0
NOVA CRIXÁS,infancia e juventude infracional,2021,17,14,14,50.0
NOVA CRIXÁS,juizado especial civel,2021,178,141,161,53.31
NOVA CRIXÁS,juizado especial criminal,2021,84,65,71,52.21
NOVA CRIXÁS,juizado especial fazenda publica,2021,36,2,35,94.59
NOVO GAMA,civel,2021,649,627,572,47.71
NOVO GAMA,criminal,2021,1073,923,880,48.81
NOVO GAMA,execucao penal,2021,61,119,56,32.0
NOVO GAMA,familia - interior,2021,510,327,432,56.92
NOVO GAMA,fazenda publica mista,2021,126,502,97,16.19
NOVO GAMA,infancia e juventude civel,2021,33,43,22,33.85
NOVO GAMA,infancia e juventude infracional,2021,65,155,42,21.32
NOVO GAMA,juizado especial civel,2021,622,843,401,32.23
NOVO GAMA,juizado especial criminal,2021,283,264,228,46.34
NOVO GAMA,juizado especial fazenda publica,2021,59,7,55,88.71
NOVO GAMA,preprocessual,2021,679,651,96,12.85
ORIZONA,civel,2021,182,294,155,34.52
ORIZONA,criminal,2021,99,129,71,35.5
ORIZONA,execucao penal,2021,37,24,34,58.62
ORIZONA,familia - interior,2021,176,262,131,33.33
ORIZONA,fazenda publica mista,2021,195,198,189,48.84
ORIZONA,infancia e juventude civel,2021,14,28,9,24.32
ORIZONA,infancia e juventude infracional,2021,14,64,5,7.25
ORIZONA,juizado especial civel,2021,193,252,151,37.47
ORIZONA,juizado especial criminal,2021,28,69,21,23.33
ORIZONA,juizado especial fazenda publica,2021,37,4,36,90.0
ORIZONA,preprocessual,2021,40,28,13,31.71
PADRE BERNARDO,civel,2021,181,301,129,30.0
PADRE BERNARDO,criminal,2021,664,901,412,31.38
PADRE BERNARDO,execucao penal,2021,51,119,41,25.62
PADRE BERNARDO,familia - interior,2021,284,515,194,27.36
PADRE BERNARDO,fazenda publica mista,2021,106,644,89,12.14
PADRE BERNARDO,infancia e juventude civel,2021,5,21,3,12.5
PADRE BERNARDO,infancia e juventude infracional,2021,30,131,26,16.56
PADRE BERNARDO,juizado especial civel,2021,112,162,89,35.46
PADRE BERNARDO,juizado especial criminal,2021,227,125,203,61.89
PADRE BERNARDO,juizado especial fazenda publica,2021,129,11,124,91.85
PADRE BERNARDO,preprocessual,2021,70,20,51,71.83
PALMEIRAS DE GOIÁS,civel,2021,450,473,415,46.73
PALMEIRAS DE GOIÁS,criminal,2021,441,505,325,39.16
PALMEIRAS DE GOIÁS,execucao penal,2021,34,45,31,40.79
PALMEIRAS DE GOIÁS,familia - interior,2021,490,300,455,60.26
PALMEIRAS DE GOIÁS,fazenda publica mista,2021,612,503,584,53.73
PALMEIRAS DE GOIÁS,infancia e juventude civel,2021,8,5,8,61.54
PALMEIRAS DE GOIÁS,infancia e juventude infracional,2021,11,10,10,50.0
PALMEIRAS DE GOIÁS,juizado especial civel e criminal,2021,555,620,401,39.28
PALMEIRAS DE GOIÁS,juizado especial fazenda publica,2021,173,7,172,96.09
PANAMÁ,civel,2021,40,44,29,39.73
PANAMÁ,criminal,2021,36,59,29,32.95
PANAMÁ,familia - interior,2021,51,78,36,31.58
PANAMÁ,fazenda publica mista,2021,4,80,3,3.61
PANAMÁ,infancia e juventude infracional,2021,11,7,11,61.11
PANAMÁ,juizado especial civel,2021,34,181,19,9.5
PANAMÁ,juizado especial criminal,2021,10,15,7,31.82
PANAMÁ,juizado especial fazenda publica,2021,6,0,6,100.0
PARANAIGUARA,civel,2021,110,105,91,46.43
PARANAIGUARA,criminal,2021,104,194,61,23.92
PARANAIGUARA,execucao penal,2021,18,19,17,47.22
PARANAIGUARA,familia - interior,2021,130,171,66,27.85
PARANAIGUARA,fazenda publica mista,2021,118,292,90,23.56
PARANAIGUARA,infancia e juventude civel,2021,2,5,2,28.57
PARANAIGUARA,infancia e juventude infracional,2021,4,5,2,28.57
PARANAIGUARA,juizado especial civel,2021,73,216,40,15.62
PARANAIGUARA,juizado especial criminal,2021,46,236,25,9.58
PARANAIGUARA,juizado especial fazenda publica,2021,12,8,9,52.94
PARAÚNA,civel,2021,143,309,117,27.46
PARAÚNA,criminal,2021,194,308,152,33.04
PARAÚNA,execucao penal,2021,71,37,71,65.74
PARAÚNA,familia - interior,2021,179,230,128,35.75
PARAÚNA,fazenda publica mista,2021,278,356,253,41.54
PARAÚNA,infancia e juventude civel,2021,4,5,3,37.5
PARAÚNA,infancia e juventude infracional,2021,3,8,3,27.27
PARAÚNA,juizado civel,2021,1,5,0,0.0
PARAÚNA,juizado especial civel,2021,224,273,165,37.67
PARAÚNA,juizado especial criminal,2021,109,56,107,65.64
PARAÚNA,juizado especial fazenda publica,2021,67,9,64,87.67
PARAÚNA,preprocessual,2021,28,34,1,2.86
PETROLINA DE GOIÁS,civel,2021,105,151,82,35.19
PETROLINA DE GOIÁS,criminal,2021,174,191,134,41.23
PETROLINA DE GOIÁS,execucao penal,2021,15,4,15,78.95
PETROLINA DE GOIÁS,familia - interior,2021,117,125,68,35.23
PETROLINA DE GOIÁS,fazenda publica mista,2021,145,195,127,39.44
PETROLINA DE GOIÁS,infancia e juventude civel,2021,16,3,16,84.21
PETROLINA DE GOIÁS,infancia e juventude infracional,2021,13,17,2,10.53
PETROLINA DE GOIÁS,juizado especial civel,2021,149,166,85,33.86
PETROLINA DE GOIÁS,juizado especial criminal,2021,116,102,105,50.72
PETROLINA DE GOIÁS,juizado especial fazenda publica,2021,124,5,121,96.03
PIRACANJUBA,civel,2021,293,306,251,45.06
PIRACANJUBA,criminal,2021,565,837,340,28.89
PIRACANJUBA,execucao penal,2021,72,55,68,55.28
PIRACANJUBA,familia - interior,2021,238,293,195,39.96
PIRACANJUBA,fazenda publica mista,2021,134,352,114,24.46
PIRACANJUBA,infancia e juventude civel,2021,38,24,31,56.36
PIRACANJUBA,infancia e juventude infracional,2021,27,43,21,32.81
PIRACANJUBA,juizado especial civel,2021,237,418,179,29.98
PIRACANJUBA,juizado especial criminal,2021,91,164,56,25.45
PIRACANJUBA,juizado especial fazenda publica,2021,146,11,140,92.72
PIRANHAS,civel,2021,150,333,135,28.85
PIRANHAS,criminal,2021,303,387,196,33.62
PIRANHAS,execucao penal,2021,35,39,35,47.3
PIRANHAS,familia - interior,2021,143,220,114,34.13
PIRANHAS,fazenda publica mista,2021,272,605,250,29.24
PIRANHAS,infancia e juventude civel,2021,8,7,5,41.67
PIRANHAS,infancia e juventude infracional,2021,4,8,1,11.11
PIRANHAS,juizado especial civel e criminal,2021,183,460,153,24.96
PIRANHAS,juizado especial fazenda publica,2021,95,3,95,96.94
PIRANHAS,preprocessual,2021,2,1,1,50.0
PIRENÓPOLIS,civel,2021,233,287,206,41.78
PIRENÓPOLIS,criminal,2021,427,720,277,27.78
PIRENÓPOLIS,execucao penal,2021,40,28,40,58.82
PIRENÓPOLIS,familia - interior,2021,293,418,232,35.69
PIRENÓPOLIS,fazenda publica mista,2021,533,577,478,45.31
PIRENÓPOLIS,infancia e juventude civel,2021,11,14,9,39.13
PIRENÓPOLIS,infancia e juventude infracional,2021,53,69,46,40.0
PIRENÓPOLIS,juizado especial civel,2021,510,1056,385,26.72
PIRENÓPOLIS,juizado especial criminal,2021,872,1583,662,29.49
PIRENÓPOLIS,juizado especial fazenda publica,2021,164,8,161,95.27
PIRES DO RIO,civel,2021,280,370,229,38.23
PIRES DO RIO,criminal,2021,508,771,307,28.48
PIRES DO RIO,execucao penal,2021,40,27,40,59.7
PIRES DO RIO,familia - interior,2021,266,280,205,42.27
PIRES DO RIO,fazenda publica mista,2021,358,1190,298,20.03
PIRES DO RIO,infancia e juventude civel,2021,35,28,24,46.15
PIRES DO RIO,infancia e juventude infracional,2021,30,52,24,31.58
PIRES DO RIO,juizado especial civel,2021,405,396,332,45.6
PIRES DO RIO,juizado especial criminal,2021,175,192,132,40.74
PIRES DO RIO,juizado especial fazenda publica,2021,271,222,201,47.52
PIRES DO RIO,preprocessual,2021,326,391,63,13.88
PLANALTINA,civel,2021,706,716,587,45.05
PLANALTINA,criminal,2021,1609,2184,1002,31.45
PLANALTINA,execucao penal,2021,419,101,402,79.92
PLANALTINA,familia - interior,2021,798,1000,484,32.61
PLANALTINA,fazenda publica mista,2021,811,815,799,49.5
PLANALTINA,infancia e juventude civel,2021,19,46,13,22.03
PLANALTINA,infancia e juventude infracional,2021,171,322,110,25.46
PLANALTINA,juizado especial civel e criminal,2021,1390,1219,1232,50.27
PLANALTINA,juizado especial fazenda publica,2021,537,617,534,46.39
PLANALTINA,preprocessual,2021,618,555,188,25.3
PONTALINA,civel,2021,226,487,176,26.55
PONTALINA,criminal,2021,411,704,263,27.2
PONTALINA,execucao penal,2021,16,68,16,19.05
PONTALINA,familia - interior,2021,363,402,256,38.91
PONTALINA,fazenda publica mista,2021,116,596,90,13.12
PONTALINA,infancia e juventude civel,2021,8,11,6,35.29
PONTALINA,infancia e juventude infracional,2021,24,41,5,10.87
PONTALINA,juizado especial civel,2021,132,163,105,39.18
PONTALINA,juizado especial criminal,2021,267,355,160,31.07
PONTALINA,juizado especial fazenda publica,2021,118,16,110,87.3
PORANGATU,civel,2021,744,598,656,52.31
PORANGATU,criminal,2021,894,787,566,41.83
PORANGATU,execucao penal,2021,79,20,78,79.59
PORANGATU,familia - interior,2021,477,490,358,42.22
PORANGATU,fazenda publica mista,2021,980,835,941,52.98
PORANGATU,infancia e juventude civel,2021,15,26,12,31.58
PORANGATU,infancia e juventude infracional,2021,100,118,50,29.76
PORANGATU,juizado especial civel,2021,1717,1614,1301,44.63
PORANGATU,juizado especial criminal,2021,311,363,221,37.84
PORANGATU,juizado especial fazenda publica,2021,269,9,266,96.73
PORANGATU,preprocessual,2021,293,223,103,31.6
POSSE,civel,2021,358,581,269,31.65
POSSE,criminal,2021,682,540,493,47.73
POSSE,execucao penal,2021,8,19,6,24.0
POSSE,familia - interior,2021,358,442,202,31.37
POSSE,fazenda publica mista,2021,310,857,281,24.69
POSSE,infancia e juventude civel,2021,15,27,7,20.59
POSSE,infancia e juventude infracional,2021,16,56,11,16.42
POSSE,juizado especial civel,2021,219,438,147,25.13
POSSE,juizado especial criminal,2021,147,127,135,51.53
POSSE,juizado especial fazenda publica,2021,82,24,80,76.92
POSSE,preprocessual,2021,45,39,15,27.78
QUIRINÓPOLIS,civel,2021,1244,1831,1112,37.78
QUIRINÓPOLIS,criminal,2021,647,733,439,37.46
QUIRINÓPOLIS,execucao penal,2021,91,117,89,43.2
QUIRINÓPOLIS,familia - interior,2021,617,1013,505,33.27
QUIRINÓPOLIS,fazenda publica mista,2021,471,510,462,47.53
QUIRINÓPOLIS,infancia e juventude civel,2021,39,45,33,42.31
QUIRINÓPOLIS,infancia e juventude infracional,2021,48,34,37,52.11
QUIRINÓPOLIS,juizado especial civel,2021,1076,2129,580,21.41
QUIRINÓPOLIS,juizado especial criminal,2021,243,250,114,31.32
QUIRINÓPOLIS,juizado especial fazenda publica,2021,95,8,95,92.23
QUIRINÓPOLIS,preprocessual,2021,149,3,146,97.99
RIALMA,civel,2021,165,201,149,42.57
RIALMA,criminal,2021,217,471,145,23.54
RIALMA,execucao penal,2021,36,39,30,43.48
RIALMA,familia - interior,2021,178,271,150,35.63
RIALMA,fazenda publica mista,2021,390,634,368,36.73
RIALMA,infancia e juventude civel,2021,4,17,1,5.56
RIALMA,infancia e juventude infracional,2021,19,73,13,15.12
RIALMA,juizado especial civel,2021,256,393,220,35.89
RIALMA,juizado especial criminal,2021,54,82,48,36.92
RIALMA,juizado especial fazenda publica,2021,106,2,106,98.15
RIO VERDE,civel,2021,3539,4454,2844,38.97
RIO VERDE,criminal,2021,2446,2870,1749,37.87
RIO VERDE,execucao penal,2021,707,271,691,71.83
RIO VERDE,familia - interior,2021,2193,3496,1453,29.36
RIO VERDE,fazenda publica mista,2021,1779,4205,1678,28.52
RIO VERDE,infancia e juventude civel,2021,198,317,139,30.48
RIO VERDE,infancia e juventude infracional,2021,372,652,138,17.47
RIO VERDE,juizado de violencia domestica,2021,1846,3368,1184,26.01
RIO VERDE,juizado especial civel e criminal,2021,4270,4611,2494,35.1
RIO VERDE,juizado especial fazenda publica,2021,516,32,505,94.04
RIO VERDE,preprocessual,2021,302,594,53,8.19
RUBIATABA,civel,2021,201,192,180,48.39
RUBIATABA,criminal,2021,346,311,259,45.44
RUBIATABA,execucao penal,2021,48,26,45,63.38
RUBIATABA,familia - interior,2021,305,346,247,41.65
RUBIATABA,fazenda publica mista,2021,338,502,317,38.71
RUBIATABA,infancia e juventude civel,2021,11,9,8,47.06
RUBIATABA,infancia e juventude infracional,2021,17,18,15,45.45
RUBIATABA,juizado especial civel,2021,295,370,139,27.31
RUBIATABA,juizado especial criminal,2021,92,41,74,64.35
RUBIATABA,juizado especial fazenda publica,2021,223,13,215,94.3
SANCLERLÂNDIA,civel,2021,109,224,102,31.29
SANCLERLÂNDIA,criminal,2021,159,229,105,31.44
SANCLERLÂNDIA,execucao penal,2021,12,14,12,46.15
SANCLERLÂNDIA,familia - interior,2021,133,192,116,37.66
SANCLERLÂNDIA,fazenda publica mista,2021,156,265,121,31.35
SANCLERLÂNDIA,infancia e juventude civel,2021,4,11,1,8.33
SANCLERLÂNDIA,infancia e juventude infracional,2021,11,12,11,47.83
SANCLERLÂNDIA,juizado especial civel,2021,258,336,238,41.46
SANCLERLÂNDIA,juizado especial criminal,2021,56,56,53,48.62
SANCLERLÂNDIA,juizado especial fazenda publica,2021,95,26,93,78.15
SANTA CRUZ DE GOIÁS,civel,2021,102,126,95,42.99
SANTA CRUZ DE GOIÁS,criminal,2021,130,224,92,29.11
SANTA CRUZ DE GOIÁS,execucao penal,2021,35,28,29,50.88
SANTA CRUZ DE GOIÁS,familia - interior,2021,131,122,100,45.05
SANTA CRUZ DE GOIÁS,fazenda publica mista,2021,186,323,157,32.71
SANTA CRUZ DE GOIÁS,infancia e juventude civel,2021,6,6,5,45.45
SANTA CRUZ DE GOIÁS,infancia e juventude infracional,2021,5,17,3,15.0
SANTA CRUZ DE GOIÁS,juizado especial civel,2021,93,167,80,32.39
SANTA CRUZ DE GOIÁS,juizado especial criminal,2021,37,37,32,46.38
SANTA CRUZ DE GOIÁS,juizado especial fazenda publica,2021,59,9,57,86.36
SANTA HELENA DE GOIÁS,civel,2021,482,1092,386,26.12
SANTA HELENA DE GOIÁS,criminal,2021,531,632,392,38.28
SANTA HELENA DE GOIÁS,execucao penal,2021,34,40,34,45.95
SANTA HELENA DE GOIÁS,familia - interior,2021,421,585,304,34.2
SANTA HELENA DE GOIÁS,fazenda publica mista,2021,1516,1048,1497,58.82
SANTA HELENA DE GOIÁS,infancia e juventude civel,2021,31,53,16,23.19
SANTA HELENA DE GOIÁS,infancia e juventude infracional,2021,41,68,17,20.0
SANTA HELENA DE GOIÁS,juizado especial civel,2021,874,2315,432,15.73
SANTA HELENA DE GOIÁS,juizado especial criminal,2021,178,207,86,29.35
SANTA HELENA DE GOIÁS,juizado especial fazenda publica,2021,60,6,59,90.77
SANTA TEREZINHA DE GOIÁS,civel,2021,139,245,106,30.2
SANTA TEREZINHA DE GOIÁS,criminal,2021,220,257,176,40.65
SANTA TEREZINHA DE GOIÁS,execucao penal,2021,13,9,13,59.09
SANTA TEREZINHA DE GOIÁS,familia - interior,2021,201,307,129,29.59
SANTA TEREZINHA DE GOIÁS,fazenda publica mista,2021,230,438,194,30.7
SANTA TEREZINHA DE GOIÁS,infancia e juventude civel,2021,1,3,1,25.0
SANTA TEREZINHA DE GOIÁS,infancia e juventude infracional,2021,13,23,12,34.29
SANTA TEREZINHA DE GOIÁS,juizado especial civel,2021,148,347,104,23.06
SANTA TEREZINHA DE GOIÁS,juizado especial criminal,2021,58,47,55,53.92
SANTA TEREZINHA DE GOIÁS,juizado especial fazenda publica,2021,45,4,44,91.67
SANTO ANTÔNIO DO DESCOBERTO,civel,2021,441,414,382,47.99
SANTO ANTÔNIO DO DESCOBERTO,criminal,2021,1183,1770,929,34.42
SANTO ANTÔNIO DO DESCOBERTO,execucao penal,2021,72,906,64,6.6
SANTO ANTÔNIO DO DESCOBERTO,familia - interior,2021,404,437,315,41.89
SANTO ANTÔNIO DO DESCOBERTO,fazenda publica mista,2021,795,940,748,44.31
SANTO ANTÔNIO DO DESCOBERTO,infancia e juventude civel,2021,42,48,27,36.0
SANTO ANTÔNIO DO DESCOBERTO,infancia e juventude infracional,2021,102,199,60,23.17
SANTO ANTÔNIO DO DESCOBERTO,juizado especial civel,2021,1023,1322,731,35.61
SANTO ANTÔNIO DO DESCOBERTO,juizado especial criminal,2021,417,357,343,49.0
SANTO ANTÔNIO DO DESCOBERTO,juizado especial fazenda publica,2021,79,29,63,68.48
SANTO ANTÔNIO DO DESCOBERTO,preprocessual,2021,390,288,216,42.86
SENADOR CANEDO,civel,2021,1702,2235,1504,40.22
SENADOR CANEDO,criminal,2021,1836,1648,1538,48.27
SENADOR CANEDO,execucao penal,2021,39,114,35,23.49
SENADOR CANEDO,familia - interior,2021,1365,1818,936,33.99
SENADOR CANEDO,fazenda publica mista,2021,814,1241,751,37.7
SENADOR CANEDO,infancia e juventude civel,2021,71,136,49,26.49
SENADOR CANEDO,infancia e juventude infracional,2021,120,348,87,20.0
SENADOR CANEDO,juizado especial civel,2021,2062,2638,1524,36.62
SENADOR CANEDO,juizado especial criminal,2021,414,317,399,55.73
SENADOR CANEDO,juizado especial fazenda publica,2021,409,116,353,75.27
SENADOR CANEDO,preprocessual,2021,16,10,8,44.44
SERRANÓPOLIS,civel,2021,289,254,246,49.2
SERRANÓPOLIS,criminal,2021,337,421,226,34.93
SERRANÓPOLIS,execucao penal,2021,23,35,23,39.66
SERRANÓPOLIS,familia - interior,2021,193,224,128,36.36
SERRANÓPOLIS,fazenda publica mista,2021,91,210,77,26.83
SERRANÓPOLIS,infancia e juventude civel,2021,30,27,22,44.9
SERRANÓPOLIS,infancia e juventude infracional,2021,23,11,21,65.62
SERRANÓPOLIS,juizado especial civel,2021,235,182,171,48.44
SERRANÓPOLIS,juizado especial criminal,2021,77,75,73,49.32
SERRANÓPOLIS,juizado especial fazenda publica,2021,27,2,25,92.59
SILVÂNIA,civel,2021,196,203,183,47.41
SILVÂNIA,criminal,2021,297,543,213,28.17
SILVÂNIA,execucao penal,2021,20,35,20,36.36
SILVÂNIA,familia - interior,2021,268,218,244,52.81
SILVÂNIA,fazenda publica mista,2021,98,372,76,16.96
SILVÂNIA,infancia e juventude civel,2021,7,10,7,41.18
SILVÂNIA,infancia e juventude infracional,2021,20,43,17,28.33
SILVÂNIA,juizado especial civel,2021,256,296,216,42.19
SILVÂNIA,juizado especial criminal,2021,159,64,148,69.81
SILVÂNIA,juizado especial fazenda publica,2021,85,12,82,87.23
SILVÂNIA,preprocessual,2021,2,7,2,22.22
SÃO DOMINGOS,civel,2021,109,115,90,43.9
SÃO DOMINGOS,criminal,2021,234,235,166,41.4
SÃO DOMINGOS,execucao penal,2021,16,0,16,100.0
SÃO DOMINGOS,familia - interior,2021,101,115,80,41.03
SÃO DOMINGOS,fazenda publica mista,2021,169,96,167,63.5
SÃO DOMINGOS,infancia e juventude civel,2021,10,18,9,33.33
SÃO DOMINGOS,infancia e juventude infracional,2021,11,19,9,32.14
SÃO DOMINGOS,juizado especial civel,2021,96,106,86,44.79
SÃO DOMINGOS,juizado especial criminal,2021,79,748,67,8.22
SÃO DOMINGOS,juizado especial fazenda publica,2021,80,2,80,97.56
SÃO LUÍS DE MONTES BELOS,civel,2021,512,610,443,42.07
SÃO LUÍS DE MONTES BELOS,criminal,2021,559,1040,393,27.42
SÃO LUÍS DE MONTES BELOS,execucao penal,2021,92,81,90,52.63
SÃO LUÍS DE MONTES BELOS,familia - interior,2021,517,700,410,36.94
SÃO LUÍS DE MONTES BELOS,fazenda publica mista,2021,460,613,399,39.43
SÃO LUÍS DE MONTES BELOS,infancia e juventude civel,2021,15,32,10,23.81
SÃO LUÍS DE MONTES BELOS,infancia e juventude infracional,2021,28,38,23,37.7
SÃO LUÍS DE MONTES BELOS,juizado especial civel,2021,934,1201,663,35.57
SÃO LUÍS DE MONTES BELOS,juizado especial criminal,2021,369,397,345,46.5
SÃO LUÍS DE MONTES BELOS,juizado especial fazenda publica,2021,250,41,239,85.36
SÃO LUÍS DE MONTES BELOS,preprocessual,2021,104,99,21,17.5
SÃO MIGUEL DO ARAGUAIA,civel,2021,937,594,879,59.67
SÃO MIGUEL DO ARAGUAIA,criminal,2021,391,607,266,30.47
SÃO MIGUEL DO ARAGUAIA,execucao penal,2021,46,23,45,66.18
SÃO MIGUEL DO ARAGUAIA,familia - interior,2021,215,297,129,30.28
SÃO MIGUEL DO ARAGUAIA,fazenda publica mista,2021,566,914,502,35.45
SÃO MIGUEL DO ARAGUAIA,infancia e juventude civel,2021,6,10,4,28.57
SÃO MIGUEL DO ARAGUAIA,infancia e juventude infracional,2021,11,34,8,19.05
SÃO MIGUEL DO ARAGUAIA,juizado especial civel,2021,688,2046,459,18.32
SÃO MIGUEL DO ARAGUAIA,juizado especial criminal,2021,46,28,45,61.64
SÃO MIGUEL DO ARAGUAIA,juizado especial fazenda publica,2021,90,32,89,73.55
SÃO MIGUEL DO ARAGUAIA,preprocessual,2021,221,174,66,27.5
SÃO SIMÃO,civel,2021,140,188,122,39.35
SÃO SIMÃO,criminal,2021,490,444,354,44.36
SÃO SIMÃO,execucao penal,2021,43,27,43,61.43
SÃO SIMÃO,familia - interior,2021,232,292,173,37.2
SÃO SIMÃO,fazenda publica mista,2021,201,398,172,30.18
SÃO SIMÃO,infancia e juventude civel,2021,10,7,4,36.36
SÃO SIMÃO,infancia e juventude infracional,2021,23,6,23,79.31
SÃO SIMÃO,juizado especial civel,2021,215,333,199,37.41
SÃO SIMÃO,juizado especial criminal,2021,149,98,135,57.94
SÃO SIMÃO,juizado especial fazenda publica,2021,45,3,44,93.62
TAQUARAL DE GOIÁS,civel,2021,70,132,60,31.25
TAQUARAL DE GOIÁS,criminal,2021,81,99,58,36.94
TAQUARAL DE GOIÁS,execucao penal,2021,5,14,5,26.32
TAQUARAL DE GOIÁS,familia - interior,2021,110,134,89,39.91
TAQUARAL DE GOIÁS,fazenda publica mista,2021,144,122,132,51.97
TAQUARAL DE GOIÁS,infancia e juventude civel,2021,3,2,1,33.33
TAQUARAL DE GOIÁS,infancia e juventude infracional,2021,11,9,8,47.06
TAQUARAL DE GOIÁS,juizado especial civel,2021,86,105,65,38.24
TAQUARAL DE GOIÁS,juizado especial criminal,2021,76,108,52,32.5
TAQUARAL DE GOIÁS,juizado especial fazenda publica,2021,19,1,19,95.0
TRIBUNAL DE JUSTIÇA,camara civel,2021,69764,70265,33699,32.41
TRIBUNAL DE JUSTIÇA,camara criminal,2021,20804,40790,9553,18.98
TRIBUNAL DE JUSTIÇA,corte especial,2021,1,59,0,0.0
TRIBUNAL DE JUSTIÇA,criminais isoladas,2021,22,704,6,0.85
TRIBUNAL DE JUSTIÇA,orgao especial,2021,814,1247,497,28.5
TRIBUNAL DE JUSTIÇA,preprocessual,2021,221,0,221,100.0
TRIBUNAL DE JUSTIÇA,secao civel,2021,1763,1622,839,34.09
TRIBUNAL DE JUSTIÇA,secao criminal,2021,616,1289,337,20.73
TRINDADE,civel,2021,2379,1892,2199,53.75
TRINDADE,criminal,2021,1885,2767,1281,31.65
TRINDADE,execucao penal,2021,60,235,57,19.52
TRINDADE,familia - interior,2021,1365,1444,1097,43.17
TRINDADE,fazenda publica mista,2021,564,826,533,39.22
TRINDADE,fazenda publica mista  execucao fiscal,2021,1274,4743,1202,20.22
TRINDADE,infancia e juventude civel,2021,83,108,69,38.98
TRINDADE,infancia e juventude infracional,2021,130,389,114,22.66
TRINDADE,juizado especial civel,2021,1788,2049,907,30.68
TRINDADE,juizado especial criminal,2021,504,769,342,30.78
TRINDADE,juizado especial fazenda publica,2021,629,122,608,83.29
TRINDADE,preprocessual,2021,70,76,12,13.64
TURVÂNIA,civel,2021,188,178,180,50.28
TURVÂNIA,criminal,2021,86,114,82,41.84
TURVÂNIA,familia - interior,2021,101,111,81,42.19
TURVÂNIA,fazenda publica mista,2021,168,205,163,44.29
TURVÂNIA,infancia e juventude civel,2021,4,5,4,44.44
TURVÂNIA,infancia e juventude infracional,2021,4,3,4,57.14
TURVÂNIA,juizado especial civel,2021,122,159,97,37.89
TURVÂNIA,juizado especial criminal,2021,43,26,41,61.19
TURVÂNIA,juizado especial fazenda publica,2021,33,0,33,100.0
URUANA,civel,2021,172,250,130,34.21
URUANA,criminal,2021,224,291,156,34.9
URUANA,execucao penal,2021,42,49,37,43.02
URUANA,familia - interior,2021,155,188,98,34.27
URUANA,fazenda publica mista,2021,290,439,276,38.6
URUANA,infancia e juventude civel,2021,4,5,2,28.57
URUANA,infancia e juventude infracional,2021,8,24,3,11.11
URUANA,juizado especial civel,2021,114,119,68,36.36
URUANA,juizado especial criminal,2021,103,85,65,43.33
URUANA,juizado especial fazenda publica,2021,70,18,67,78.82
URUAÇU,civel,2021,554,659,447,40.42
URUAÇU,criminal,2021,814,855,519,37.77
URUAÇU,execucao penal,2021,153,98,137,58.3
URUAÇU,familia - interior,2021,472,587,354,37.62
URUAÇU,fazenda publica mista,2021,578,629,552,46.74
URUAÇU,infancia e juventude civel,2021,47,60,22,26.83
URUAÇU,infancia e juventude infracional,2021,71,113,52,31.52
URUAÇU,juizado especial civel,2021,917,995,678,40.53
URUAÇU,juizado especial criminal,2021,438,286,346,54.75
URUAÇU,juizado especial fazenda publica,2021,212,37,208,84.9
URUAÇU,preprocessual,2021,216,206,47,18.58
URUTAÍ,civel,2021,44,45,31,40.79
URUTAÍ,criminal,2021,49,68,34,33.33
URUTAÍ,execucao penal,2021,12,2,12,85.71
URUTAÍ,familia - interior,2021,54,75,27,26.47
URUTAÍ,fazenda publica mista,2021,30,66,23,25.84
URUTAÍ,infancia e juventude civel,2021,14,15,8,34.78
URUTAÍ,infancia e juventude infracional,2021,2,3,0,0.0
URUTAÍ,juizado especial civel,2021,70,108,43,28.48
URUTAÍ,juizado especial criminal,2021,36,258,22,7.86
URUTAÍ,juizado especial fazenda publica,2021,22,6,22,78.57
VALPARAÍSO DE GOIÁS,civel,2021,2266,2625,2003,43.28
VALPARAÍSO DE GOIÁS,criminal,2021,2085,2515,1346,34.86
VALPARAÍSO DE GOIÁS,execucao penal,2021,144,182,130,41.67
VALPARAÍSO DE GOIÁS,familia - interior,2021,1194,2117,955,31.09
VALPARAÍSO DE GOIÁS,fazenda publica mista,2021,654,3219,618,16.11
VALPARAÍSO DE GOIÁS,infancia e juventude civel,2021,137,155,96,38.25
VALPARAÍSO DE GOIÁS,infancia e juventude infracional,2021,124,577,94,14.01
VALPARAÍSO DE GOIÁS,juizado especial civel,2021,1471,2139,1196,35.86
VALPARAÍSO DE GOIÁS,juizado especial criminal,2021,803,304,761,71.46
VALPARAÍSO DE GOIÁS,juizado especial fazenda publica,2021,297,30,288,90.57
VALPARAÍSO DE GOIÁS,preprocessual,2021,1884,1663,536,24.37
VARJÃO,civel,2021,66,50,56,52.83
VARJÃO,criminal,2021,66,76,49,39.2
VARJÃO,execucao penal,2021,7,8,6,42.86
VARJÃO,familia - interior,2021,53,78,35,30.97
VARJÃO,fazenda publica mista,2021,122,175,105,37.5
VARJÃO,infancia e juventude civel,2021,1,2,0,0.0
VARJÃO,infancia e juventude infracional,2021,3,6,3,33.33
VARJÃO,juizado especial civel,2021,19,27,10,27.03
VARJÃO,juizado especial criminal,2021,14,12,11,47.83
VARJÃO,juizado especial fazenda publica,2021,3,23,2,8.0
VIANÓPOLIS,civel,2021,135,206,109,34.6
VIANÓPOLIS,criminal,2021,236,388,122,23.92
VIANÓPOLIS,execucao penal,2021,34,33,33,50.0
VIANÓPOLIS,familia - interior,2021,173,178,140,44.03
VIANÓPOLIS,fazenda publica mista,2021,71,258,39,13.13
VIANÓPOLIS,infancia e juventude civel,2021,10,14,10,41.67
VIANÓPOLIS,infancia e juventude infracional,2021,8,48,5,9.43
VIANÓPOLIS,juizado especial civel,2021,185,298,120,28.71
VIANÓPOLIS,juizado especial criminal,2021,71,147,42,22.22
VIANÓPOLIS,juizado especial fazenda publica,2021,89,25,79,75.96
VIANÓPOLIS,preprocessual,2021,55,59,6,9.23
ÁGUAS LINDAS DE GOIÁS,civel,2021,1174,1346,1040,43.59
ÁGUAS LINDAS DE GOIÁS,criminal,2021,3383,4591,2165,32.05
ÁGUAS LINDAS DE GOIÁS,execucao penal,2021,277,304,208,40.62
ÁGUAS LINDAS DE GOIÁS,familia - interior,2021,1112,704,925,56.78
ÁGUAS LINDAS DE GOIÁS,fazenda publica mista,2021,496,3224,420,11.53
ÁGUAS LINDAS DE GOIÁS,infancia e juventude civel,2021,72,153,33,17.74
ÁGUAS LINDAS DE GOIÁS,infancia e juventude infracional,2021,237,664,175,20.86
ÁGUAS LINDAS DE GOIÁS,juizado especial civel,2021,944,930,564,37.75
ÁGUAS LINDAS DE GOIÁS,juizado especial criminal,2021,1509,1407,824,36.93
ÁGUAS LINDAS DE GOIÁS,juizado especial fazenda publica,2021,286,8,285,97.27
ÁGUAS LINDAS DE GOIÁS,preprocessual,2021,1125,727,616,45.87
